,Park,Park Code,Park Type,Coord,Is Streaming?,Webcam URL,Images,Info
0,Mesa Verde National Park,meve,National Park,"[37.3317, -108.4156]",Inactive,https://www.nps.gov/media/webcam/view.htm?id=81B46A88-1DD8-B71B-0B167518C73343F3,"[{'url': 'https://www.nps.gov/common/uploads/cropped_image/B6C6A046-F735-7C82-87ECCD7872E878CB.jpg', 'credit': 'NPS Photo', 'altText': 'Large, ancient stone-masonry village tucked inside a cliff alcove.', 'title': 'Spruce Tree House Webcam', 'description': '', 'caption': 'View of Spruce Tree House from webcam', 'crops': [{'aspectRatio': 1.78, 'url': 'https://www.nps.gov/common/uploads/cropped_image/primary/B6C6A046-F735-7C82-87ECCD7872E878CB.jpg'}, {'aspectRatio': 1.33, 'url': 'https://www.nps.gov/common/uploads/cropped_image/secondary/B6C6A046-F735-7C82-87ECCD7872E878CB.jpg'}]}]","View of the cliff dwelling, Spruce Tree House, from the back porch of the Chief Ranger's Office. Spruce Tree House is one of the best preserved cliff dwellings in the park. Most of the walls, wood, and plaster are original. Archeologists have identified at least 120 rooms and eight kivas, making this the third largest cliff dwelling in the park. By the late 1270s, up to 19 households (60 to 80 people) lived here."
1,Florissant Fossil Beds National Monument,flfo,National Monument,"[38.9129, -105.281]",Inactive,https://www.nps.gov/media/webcam/view.htm?id=81B46A0D-1DD8-B71B-0B72FB1B0E64468B,[],"Update Fall 2021. The webcam has been experiencing some issues and we do plan on replacing it. We apologize for the inconvenience. View of the Florissant valley, looking north."
2,Fort Smith National Historic Site,fosm,National Historic Site,"[35.3873, -94.4294]",Inactive,https://www.nps.gov/media/webcam/view.htm?id=81B46B32-1DD8-B71B-0B6909C2084A1624,[],"View of parade ground with flag pole in center, the historic courthouse and jail, and the gallows in the background. The supply wagon can be seen in the foreground during the summer and fall."
3,Fort Smith National Historic Site,fosm,National Historic Site,"[-27.4918, 151.7637]",Inactive,https://www.nps.gov/media/webcam/view.htm?id=81B46B3F-1DD8-B71B-0B8B3A901237E575,[],The blockhouse foundation is in the foreground with the Arkansas and Poteau Rivers are in the background. Watch the seasons change or enjoy the sunset.
4,Acadia National Park,acad,National Park,"[44.3385, -68.1832]",Inactive,https://www.nps.gov/media/webcam/view.htm?id=35DB6BF0-E1A6-351A-4D2A4CBF185650AF,[],"Current Location: ""Virtual Tide Watch"" at a land bridge that forms between Bar Island and Bar Harbor 1.5 hours before and after low tide. Several times each week, you can watch real-time imagery of park wildlife and scenic areas with a new mobile, remote webcam at Acadia National Park in Bar Harbor, Maine. Announcements will be posted on social media as the feed is about to go live. A static image refreshes about once a minute while a watch is underway."
5,Denali National Park & Preserve,dena,National Park & Preserve,"[63.7309, -148.917]",Active,https://www.nps.gov/media/webcam/view.htm?id=81B466C8-1DD8-B71B-0B09BF265A80000E,[],"This view from high above the Denali Visitor Center is oriented to the southeast, across the park boundary in the middle distance to the Yanert River Valley beyond. In winter, this expanse is where the sun first emerges and lingers low over the horizon. (Image refreshes about once each minute.)"
6,Saguaro National Park,sagu,National Park,"[-27.4918, 151.7637]",Inactive,https://www.nps.gov/media/webcam/view.htm?id=81B4680E-1DD8-B71B-0B480E341B280562,[],"View the picturesque scenery visitors see during their time in the Visitor Center. During the winter months the webcam will focus on the pond for potential wildlife and during the summer months, the webcam will focus on our routine javelina visitors next to the visitor center windows. (Live)"
7,Guadalupe Mountains National Park,gumo,National Park,"[31.9234, -104.8714]",Active,https://www.nps.gov/media/webcam/view.htm?id=E73E3175-DF46-3AF2-28593FC1F83AE264,"[{'url': 'https://www.nps.gov/common/uploads/cropped_image/19FB08D1-D845-9030-FBA0E3E11842E4FD.jpg', 'credit': 'NPS Photo', 'altText': 'webcam image of a wide canyon with mountain peaks framing each side', 'title': 'Pine Springs Canyon webcam', 'description': '', 'caption': 'Pine Springs Canyon webcam', 'crops': [{'aspectRatio': 1.78, 'url': 'https://www.nps.gov/common/uploads/cropped_image/primary/19FB08D1-D845-9030-FBA0E3E11842E4FD.jpg'}, {'aspectRatio': 1.33, 'url': 'https://www.nps.gov/common/uploads/cropped_image/secondary/19FB08D1-D845-9030-FBA0E3E11842E4FD.jpg'}]}]","View looking toward the west into Pine Springs Canyon - ""View Webcam"" link opens a larger picture that updates every 30 seconds."
8,Guadalupe Mountains National Park,gumo,National Park,"[31.8913, -104.8611]",Active,https://www.nps.gov/media/webcam/view.htm?id=FC5992A4-B6CF-6934-895AC39A76425DD5,"[{'url': 'https://www.nps.gov/common/uploads/cropped_image/1A350360-ED4E-850D-63122045208B2A49.jpg', 'credit': 'NPS Photo', 'altText': 'Webcam screenshot showing city buildings with a desert mountainscape in the background', 'title': 'Dell City Webcam', 'description': '', 'caption': 'Dell City Webcam', 'crops': [{'aspectRatio': 1.78, 'url': 'https://www.nps.gov/common/uploads/cropped_image/primary/1A350360-ED4E-850D-63122045208B2A49.jpg'}, {'aspectRatio': 1.33, 'url': 'https://www.nps.gov/common/uploads/cropped_image/secondary/1A350360-ED4E-850D-63122045208B2A49.jpg'}]}]","View looking east from Dell City to the western escarpment of the Guadalupe Mountains- ""View Webcam"" link opens a larger picture that updates every 30 seconds."
9,Guadalupe Mountains National Park,gumo,National Park,"[31.9234, -104.8714]",Active,https://www.nps.gov/media/webcam/view.htm?id=9849DE2B-BC23-1110-33CED7C04E8AAF05,"[{'url': 'https://www.nps.gov/common/uploads/cropped_image/400A9058-A78E-7477-DE336353CAF95310.jpg', 'credit': 'NPS Photo', 'altText': 'webcam still image of a mountain peak profile and morning sky', 'title': 'El Capitan Webcam', 'description': '', 'caption': 'El Capitan Webcam', 'crops': [{'aspectRatio': 1.78, 'url': 'https://www.nps.gov/common/uploads/cropped_image/primary/400A9058-A78E-7477-DE336353CAF95310.jpg'}, {'aspectRatio': 1.33, 'url': 'https://www.nps.gov/common/uploads/cropped_image/secondary/400A9058-A78E-7477-DE336353CAF95310.jpg'}]}]","View from the Pine Springs area towards the southwest and the profile of El Capitan - ""View Webcam"" link opens a larger picture that updates every 30 seconds."
10,Zion National Park,zion,National Park,"[37.2086, -112.9824]",Active,https://www.nps.gov/media/webcam/view.htm?id=A4068FB2-DB05-82B5-F242852BBAA0A971,[],"This webcam is located at park headquarters in Zion Canyon and shows one of the park's most famous views, The Temples and Towers of the Virgin."
11,Glacier National Park,glac,National Park,"[48.6816, -113.7993]",Active,https://www.nps.gov/media/webcam/view.htm?id=1F7197E2-FF96-18D7-0AC05A501EBA2571,[],This view from near the Scenic Point Trailhead looks northwest to the Dawson Pass area. The mountains in the foreground are Sinopah Mountain on the left and Rising Wolf Mountain on the right. In the distance Lone Walker Mountain is just visible over the shoulder of Sinopah and Helen Mountain is just to the right of center. One of the best hikes in the park works its way up to Dawson Pass and then continues north along the spine of the Continental Divide to Pitakakan Pass. Five miles of high-elevation hiking that is second to none.
12,Glacier National Park,glac,National Park,"[48.6816, -113.7993]",Active,https://www.nps.gov/media/webcam/view.htm?id=1F8BD134-F13F-6775-FC760BA1C8567419,[],Connectivity Test Many Glacier
13,Glacier National Park,glac,National Park,"[48.6816, -113.7993]",Active,https://www.nps.gov/media/webcam/view.htm?id=201E9B0D-C6C0-3D20-4C90C0CCFFDF6D73,[],Connectivity Test
14,Glacier National Park,glac,National Park,"[48.6816, -113.7993]",Active,https://www.nps.gov/media/webcam/view.htm?id=60F9A007-ECDF-B311-EBCB9547FB36DBEE,[],bandwidth test
15,Glacier National Park,glac,National Park,"[48.6816, -113.7993]",Active,https://www.nps.gov/media/webcam/view.htm?id=64C657CB-DE31-7B14-4E3946885805BD67,[],test image
16,Black Canyon Of The Gunnison National Park,blca,National Park,"[38.5505, -107.6736]",Active,https://www.nps.gov/media/webcam/view.htm?id=81B46759-1DD8-B71B-0BB569DB4B595022,[],View from the South Rim Visitor Center looking towards the Gunnison Point overlook.
17,Black Canyon Of The Gunnison National Park,blca,National Park,"[38.5505, -107.6736]",Active,https://www.nps.gov/media/webcam/view.htm?id=81B46766-1DD8-B71B-0B357DD84CBF027C,[],View from near the South Rim Campground looking towards Grizzly Ridge on the North Rim.
18,Olympic National Park,olym,National Park,"[48.0997, -123.425]",Active,https://www.nps.gov/media/webcam/view.htm?id=81B46251-1DD8-B71B-0B29B9750DE273B5,[],"Looking southwest from Hurricane Ridge, towards Mount Olympus and the Bailey Range. Webcam Disclaimer: Even with a heated, weather-proof case, this webcam experiences rain, snow, wind, freezing temperatures, and direct sunlight. Especially in winter, the view from this webcam can become temporarily obstructed."
19,Olympic National Park,olym,National Park,"[-27.4918, 151.7637]",Active,https://www.nps.gov/media/webcam/view.htm?id=81B46260-1DD8-B71B-0B7A7B41BF33172A,[],"This view, from the north side of Hurricane Ridge Visitor Center, is rarely obstructed and is often monitored by locals to check the weather or snow pack to determine if conditions are good for a trip up the mountain."
20,Glacier National Park,glac,National Park,"[48.7471, -113.4381]",Active,https://www.nps.gov/media/webcam/view.htm?id=D4BDFE7E-AC7F-D681-8A03C820E06CBA0A,[],"Imagine laying on your back in the St. Mary valley and looking straight up at the sky. That is your view from this webcam. On a clear night the image of the sky is spectacular, so visit after dark for the best experience. The tan shape at the top is the Dusty Star Observatory. The other buildings in the area include the St. Mary Visitor Center and the St. Mary entrance station. The center of the image looks straight up at the sky. If the circular image is a clock, the Dusty star Observatory is to the east at 12'clock, north is at 3 o'clock, west is at 6 o'clock. and south is at 9 o'clock."
21,Grand Canyon National Park,grca,National Park,"[36.058, -112.1425]",Active,https://www.nps.gov/media/webcam/view.htm?id=E80DF14B-C13B-744D-A0A74D159E99E1C5,[],This view is looking north from historic Kolb Studio in the South Rim Village Historic District. The camera is hosted by Grand Canyon Conservancy. The view refreshes every 6 minutes.
22,Yosemite National Park,yose,National Park,"[37.727, -119.5817]",Active,https://www.nps.gov/media/webcam/view.htm?id=50E781A7-99A4-27F7-3773DF1DBB57C0FC,[],"<p class=""WebcamPreview__Description text-content-size text-content-style"">View looking east from near Sentinel Dome in the Glacier Point area.</p> <p class=""WebcamPreview__Description text-content-size text-content-style"">You can help support this webcam and provide for the future of Yosemite by <a href=""https://yosemite.org/donate/join-us/?appeal=OMark&package=WC"">becoming a Friend of Yosemite</a> today. </p> <p class=""WebcamPreview__Description text-content-size text-content-style"">If you’re interested in featuring images, video footage, or other content from the Yosemite Conservancy webcams, please review and submit this <a href=""https://form.jotform.com/201336316228044"">webcam usage agreement</a>.</p></p>"
23,Yosemite National Park,yose,National Park,"[37.7467, -119.5815]",Active,https://www.nps.gov/media/webcam/view.htm?id=510DED3A-F9E0-3BCC-3A896F980BE05DFE,[],"<p class=""WebcamPreview__Description text-content-size text-content-style"">A view of Yosemite Valley from near Yosemite Village.</p> <p class=""WebcamPreview__Description text-content-size text-content-style"">You can help support this webcam and provide for the future of Yosemite by <a href=""https://yosemite.org/donate/join-us/?appeal=OMark&package=WC"">becoming a Friend of Yosemite</a> today. </p> <p class=""WebcamPreview__Description text-content-size text-content-style"">If you’re interested in featuring images, video footage, or other content from the Yosemite Conservancy webcams, please review and submit this <a href=""https://form.jotform.com/201336316228044"">webcam usage agreement</a>.</p></p>"
24,Yosemite National Park,yose,National Park,"[37.7126, -119.7046]",Active,https://www.nps.gov/media/webcam/view.htm?id=521123D5-0EA2-C472-403A8D58B11A614F,[],"<p class=""WebcamPreview__Description text-content-size text-content-style"">Located on Turtleback Dome, near the Wawona Tunnel, this provides a view into Yosemite Valley.</p> <p class=""WebcamPreview__Description text-content-size text-content-style"">You can help support this webcam and provide for the future of Yosemite by <a href=""https://yosemite.org/donate/join-us/?appeal=OMark&package=WC"">becoming a Friend of Yosemite</a> today. </p> <p class=""WebcamPreview__Description text-content-size text-content-style"">If you’re interested in featuring images, video footage, or other content from the Yosemite Conservancy webcams, please review and submit this <a href=""https://form.jotform.com/201336316228044"">webcam usage agreement</a>.</p></p>"
25,Isle Royale National Park,isro,National Park,"[48.1456, -88.4866]",Active,https://www.nps.gov/media/webcam/view.htm?id=7DE85B56-9A76-1138-4840D118B5DA9C21,[],For Isle Royale National Park staff and contractors to follow the work on the 2021 dock project.
26,Grand Canyon-Parashant National Monument,para,National Monument,"[36.4125, -113.9539]",Active,https://www.nps.gov/media/webcam/view.htm?id=74C2298D-D6D5-391C-982B17195C6074DF,[],Looking south on Pakoon Springs
27,Grand Canyon-Parashant National Monument,para,National Monument,"[36.1224, -113.5142]",Active,https://www.nps.gov/media/webcam/view.htm?id=74F5D52C-EE39-F717-208EAD128A0079D5,[],Vista looking south from the top of Mt. Dellenbaugh.
28,Grand Canyon-Parashant National Monument,para,National Monument,"[36.4297, -113.9011]",Active,https://www.nps.gov/media/webcam/view.htm?id=E1289F04-DC4B-2D46-34C4643DBE4F12F7,[],Webcam Hudson Point
29,Wrangell - St Elias National Park & Preserve,wrst,National Park & Preserve,"[61.4871, -142.8791]",Active,https://www.nps.gov/media/webcam/view.htm?id=51F606E1-BAF1-472B-2BC7D21ED4CDA08E,"[{'url': 'https://www.nps.gov/common/uploads/cropped_image/E4CA00CE-0C22-9E7F-11355AC3D84B705A.jpg', 'credit': 'NPS', 'altText': 'Kennecott Mill and Mt. Blackburn', 'title': 'Kennecott Mill and Mt. Blackburn', 'description': '', 'caption': 'Kennecott Mill and Mt. Blackburn', 'crops': [{'aspectRatio': 1.78, 'url': 'https://www.nps.gov/common/uploads/cropped_image/primary/E4CA00CE-0C22-9E7F-11355AC3D84B705A.jpg'}, {'aspectRatio': 1.33, 'url': 'https://www.nps.gov/common/uploads/cropped_image/secondary/E4CA00CE-0C22-9E7F-11355AC3D84B705A.jpg'}]}]","This is the view out a window on the top floor of the General Store in Kennecott, looking to the north. On the right, the historic Kennecott mill building climbs fourteen stories up the mountainside above the railroad trestle, leaching plant and power plant. One hundred years ago, the mine was in full swing and this area was a hive of activity. On the left side of this view, behind the tailing piles, lies the Kennicott Glacier, and above it all, on the distant skyline, looms the blindingly-white, snow-covered Mt. Blackburn -- at 16,390 feet the third-highest peak in the park."
30,Wrangell - St Elias National Park & Preserve,wrst,National Park & Preserve,"[61.4871, -142.8791]",Active,https://www.nps.gov/media/webcam/view.htm?id=5224B014-CBDE-5E14-DEF34EBF65E78E88,[],"This view is from the old Dairy Barn in Kennecott, looking south to the Chugach Mountains. The mounds in the foreground are the rock-covered terminus of the Kennicott Glacier. Beyond the glacier and its meltwater lake lie the town of McCarthy and the vast expanse of the Chitina river valley. The scene changes throughout the day depending on weather and lighting: watch for dramatic summer cumulus clouds building over the mountains, rain squalls moving across the valley, windstorms blowing glacial loess off the river bars, and sunlight glinting off bare ice faces on the glacier."
31,Wrangell - St Elias National Park & Preserve,wrst,National Park & Preserve,"[62.0213, -145.3623]",Active,https://www.nps.gov/media/webcam/view.htm?id=F91F11B2-C421-28C4-16C717FF1FF2CB72,"[{'url': 'https://www.nps.gov/common/uploads/cropped_image/04DA20E6-DEC0-69D0-D7E27A2B5E1605FA.jpg', 'credit': '', 'altText': 'Mt. Drum from Park Headquarters', 'title': 'Mt. Drum from Park Headquarters', 'description': '', 'caption': 'Mt. Drum from Park Headquarters', 'crops': [{'aspectRatio': 1.78, 'url': 'https://www.nps.gov/common/uploads/cropped_image/primary/04DA20E6-DEC0-69D0-D7E27A2B5E1605FA.jpg'}, {'aspectRatio': 1.33, 'url': 'https://www.nps.gov/common/uploads/cropped_image/secondary/04DA20E6-DEC0-69D0-D7E27A2B5E1605FA.jpg'}]}]","This is the view from our Visitor Center at Park Headquarters in Copper Center, looking east across the Copper River Valley to the Wrangell Mountains. From this vantage point, Mt. Drum (12,010 ft) and Mt. Sanford (16,237 ft) are visible. Watch the colors in this scene change throughout the seasons: the brilliant yellows and golds of the aspens in the fall, followed by stark white snows and pink mountain alpenglow during the cold days of winter, and then the greening of the whole landscape as the days warm and lengthen in the springtime."
32,Big Bend National Park,bibe,National Park,"[29.3279, -103.2064]",Active,https://www.nps.gov/media/webcam/view.htm?id=EE11A8B1-EE17-7C0C-8C0AF4FE6CF5CD48,"[{'url': 'https://www.nps.gov/common/uploads/cropped_image/45C71608-D013-688F-7914D26F6225F7C2.jpg', 'credit': 'NPS', 'altText': 'Big Bend National Park Webcam', 'title': 'Big Bend National Park Webcam', 'description': '', 'caption': 'Wide Open Spaces', 'crops': [{'aspectRatio': 1.78, 'url': 'https://www.nps.gov/common/uploads/cropped_image/primary/45C71608-D013-688F-7914D26F6225F7C2.jpg'}, {'aspectRatio': 1.33, 'url': 'https://www.nps.gov/common/uploads/cropped_image/secondary/45C71608-D013-688F-7914D26F6225F7C2.jpg'}]}]","Big Bend is famous for wide expansive panoramas. The view from Park Headquarters is always changing, and always spectacular. The view is to the Northwest, and updated every 15 minutes. On a clear day, distant peaks over 80 miles away are clearly visible."
33,Mammoth Cave National Park,maca,National Park,"[37.1932, -86.1033]",Active,https://www.nps.gov/subjects/air/webcams.htm?site=maca,"[{'url': 'https://www.nps.gov/common/uploads/cropped_image/5F24185D-B727-6921-0A81705F39C0203B.jpg', 'credit': '', 'altText': 'A view of a river valley in the early spring.', 'title': 'Green River Bluffs', 'description': '', 'caption': 'An early spring view along the Green River Bluffs trail.', 'crops': [{'aspectRatio': 1.78, 'url': 'https://www.nps.gov/common/uploads/cropped_image/primary/5F24185D-B727-6921-0A81705F39C0203B.jpg'}, {'aspectRatio': 1.33, 'url': 'https://www.nps.gov/common/uploads/cropped_image/secondary/5F24185D-B727-6921-0A81705F39C0203B.jpg'}]}]",This air quality camera shows the view to the north from the Green River Bluffs trail and also displays current air quality and weather data.
34,Haleakalā National Park,hale,National Park,"[20.7079, -156.16]",Active,https://www.nps.gov/media/webcam/view.htm?id=56F5E0DC-9116-8502-7F673D0FF0B8378A,[],Check out the latest viewing conditions of Haleakalā Crater via our webcam at Puʻuʻulaʻula located at the summit.
35,Denali National Park & Preserve,dena,National Park & Preserve,"[63.7309, -148.9167]",Active,https://www.nps.gov/dena/learn/photosmultimedia/berry.htm#CC46E2B5-DBF7-48F0-9E7A-353746D9F402,"[{'url': 'https://www.nps.gov/common/uploads/cropped_image/9D5DC107-E31E-3868-FFC926B2F9C2E759.jpg', 'credit': 'NPS Photo', 'altText': 'a woman poses for a photo atop a sculpture of a bear lying on the ground', 'title': '""Resting Grizzly"" Webcam', 'description': '', 'caption': 'The Berry Bear sculpture outside the Denali Visitor Center is a popular spot for a photo!', 'crops': [{'aspectRatio': 1.78, 'url': 'https://www.nps.gov/common/uploads/cropped_image/primary/9D5DC107-E31E-3868-FFC926B2F9C2E759.jpg'}, {'aspectRatio': 1.33, 'url': 'https://www.nps.gov/common/uploads/cropped_image/secondary/9D5DC107-E31E-3868-FFC926B2F9C2E759.jpg'}]}]",The Berry Bear is an iconic sculpture outside Denali's main visitor center.
36,Point Reyes National Seashore,pore,National Seashore,"[38.0439, -122.7979]",Active,https://www.nps.gov/media/webcam/view.htm?id=81B46208-1DD8-B71B-0B58F9606CBD0663,"[{'url': 'https://www.nps.gov/common/uploads/cropped_image/812E63FA-05E6-8409-3ED8CF08966B7CA1.jpg', 'credit': 'NPS Photo', 'altText': 'A color photo of large waves washing up on a very long beach. Rocks are visible in the foreground.', 'title': 'Is it foggy or sunny at the Point?', 'description': '', 'caption': 'Point Reyes Web Camera', 'crops': [{'aspectRatio': 1.78, 'url': 'https://www.nps.gov/common/uploads/cropped_image/primary/812E63FA-05E6-8409-3ED8CF08966B7CA1.jpg'}, {'aspectRatio': 1.33, 'url': 'https://www.nps.gov/common/uploads/cropped_image/secondary/812E63FA-05E6-8409-3ED8CF08966B7CA1.jpg'}]}]",View of Point Reyes Beach Looking North-Northeast from the Point Reyes Lighthouse Visitor Center. Image refreshes every fifteen minutes.
37,Kenai Fjords National Park,kefj,National Park,"[59.8128, -150.1198]",Active,https://www.nps.gov/media/webcam/view.htm?id=81B46C47-1DD8-B71B-0B906643D4461AF0,[],"6.5 miles (10.5 kilometers) up-glacier from the terminus of Bear Glacier in Kenai Fjords National Park, an ice-dammed lake fills and drains in a cycle that produces near-annual glacial lake outburst floods. In 2017, park staff installed a camera to monitor this source lake to better understand the dynamics of this cycle and reoccurring event. This camera provides a daily image that allows Kenai Fjords National Park researchers to monitor the behavior of this lake and, by analyzing the photos, we are working to better understand the timing and frequency of the drainage events that lead to flooding in the proglacial lake at Bear Glacier's terminus. This camera was purchased with NPS recreational fee funds and is maintained and monitored by Kenai Fjords National Park. Updated 09/02/2020"
38,Dinosaur National Monument,dino,National Monument,"[40.492, -108.994]",Active,https://www.nps.gov/media/webcam/view.htm?id=81B46AC7-1DD8-B71B-0B3C3482E2AE8259,[],"This webcam is located on the Quarry Exhibit Hall, home of the wall of dinosaur bones. It is pointed toward the highly eroded Split Mountain. You can also see numerous rock layers that are exposed and tilted on their side. Frequent viewers might catch the sun or moon rise over Split Mountain or maybe even a summer thunderstorm as it rolls through."
39,Dinosaur National Monument,dino,National Monument,"[40.492, -108.994]",Active,https://www.nps.gov/subjects/air/webcams.htm?site=dino,[],"View from near Quarry Entrance, looking Southwest, Dinosaur National Monument"
40,John Day Fossil Beds National Monument,joda,National Monument,"[-27.4918, 151.7637]",Inactive,https://www.nps.gov/media/webcam/view.htm?id=81B46BF7-1DD8-B71B-0BB11467A40F2705,[],"Sheep Rock is one of the magnificent centerpieces of John Day Fossil Beds National Monument, rising over 1,000 feet above the valley floor. Colorful, fossil-rich volcanic ash layers are visible on its slopes. This camera refreshes every 2.5 minutes."
41,John Day Fossil Beds National Monument,joda,National Monument,"[44.5537, -119.6454]",Inactive,https://www.nps.gov/media/webcam/view.htm?id=CD3BFCA0-DAB1-7D3D-87EC6AE2296B5831,"[{'url': 'https://www.nps.gov/common/uploads/cropped_image/2FC01B04-F3AF-44C9-3CA9287DA896E53F.jpg', 'credit': 'NPS', 'altText': 'jagged pillar like cliffs with dry grass', 'title': 'The Clarno Palisade', 'description': '', 'caption': 'The Clarno Palisades as found at the Clarno Unit of John Day Fossil Beds', 'crops': [{'aspectRatio': 1.78, 'url': 'https://www.nps.gov/common/uploads/cropped_image/primary/2FC01B04-F3AF-44C9-3CA9287DA896E53F.jpg'}, {'aspectRatio': 1.33, 'url': 'https://www.nps.gov/common/uploads/cropped_image/secondary/2FC01B04-F3AF-44C9-3CA9287DA896E53F.jpg'}]}]","The webcam is pointed towards the northwest at the Clarno Palisades, 50-million-year-old mudflow deposits. The Palisades are approximately 1,750 feet in elevation and for comparison, the top of Sheep Rock is over 3,000 feet tall. The Clarno Unit is the least visited unit of the park and the weather is often the mildest."
42,John Day Fossil Beds National Monument,joda,National Monument,"[44.6615, -120.2731]",Inactive,https://www.nps.gov/media/webcam/view.htm?id=2B17C35C-991C-F67E-2656416E666C993B,[],"The webcam points towards the northwest at Carroll Rim, a 2430 ft (741 m) hill capped by ignimbrite, or a massive pyroclastic deposit. The ignimbrite sits on top of the Turtle Cove member of the John Day formation. The iconic painted hills are not visible in this image, but the view gives a good approximation of what the weather may be like at the Painted Hills Unit."
43,Mount Rainier National Park,mora,National Park,"[46.7859, -121.7368]",Active,https://www.nps.gov/media/webcam/view.htm?id=81B46307-1DD8-B71B-0B72918A4B2EB790,[],Is the mountain out? What is the weather like at Paradise?
44,Mount Rainier National Park,mora,National Park,"[46.9145, -121.6434]",Inactive,https://www.nps.gov/media/webcam/view.htm?id=81B4638D-1DD8-B71B-0B1092DD4F75978D,[],What are the conditions like at Sunrise? Check the view of Mount Rainier from the Sunrise Visitor Center.
45,Mount Rainier National Park,mora,National Park,"[46.786, -121.7367]",Active,https://www.nps.gov/media/webcam/view.htm?id=81B463D4-1DD8-B71B-0BB1FE8364315734,[],Looking east from the Jackson Visitor Center in Paradise.
46,Mount Rainier National Park,mora,National Park,"[46.7859, -121.7372]",Active,https://www.nps.gov/media/webcam/view.htm?id=81B463E4-1DD8-B71B-0B3E1F3743E9614D,[],Looking west from the Jackson Visitor Center in Paradise.
47,Mount Rainier National Park,mora,National Park,"[46.7839, -121.7405]",Active,https://www.nps.gov/media/webcam/view.htm?id=81B463F4-1DD8-B71B-0B9A136C52BCC56D,[],A view of the Jackson Visitor Center at Paradise.
48,Mount Rainier National Park,mora,National Park,"[46.7839, -121.7405]",Active,https://www.nps.gov/media/webcam/view.htm?id=81B46402-1DD8-B71B-0B95C911C1395AAC,[],Looking south towards the Tatoosh Range from Paradise.
49,Mount Rainier National Park,mora,National Park,"[46.8354, -121.7319]",Inactive,https://www.nps.gov/media/webcam/view.htm?id=81B46411-1DD8-B71B-0B1CC218FB03772F,[],"This webcam is down for the 2021 season. Look east over Camp Muir, which perches on the side of Mount Rainier at an elevation of over 10,000 feet (3,000 meters). Updates every 5 minutes."
50,Mount Rainier National Park,mora,National Park,"[46.785, -121.7422]",Active,https://www.nps.gov/subjects/air/webcams.htm?site=mora,[],"Monitors the air quality over the Nisqually Valley from Paradise. Note that ozone and weather measurements are from the weather station at Paradise; visibility readings are from the weather station at Tahoma Woods, near Ashford, WA."
51,Mount Rainier National Park,mora,National Park,"[46.9145, -121.6434]",Inactive,https://www.nps.gov/media/webcam/view.htm?id=81B4642A-1DD8-B71B-0B91DBD2C476DCBD,[],Looking east over the Sunrise parking lot from the Sunrise Visitor Center.
52,Mount Rainier National Park,mora,National Park,"[46.872, -121.7332]",Inactive,https://www.nps.gov/media/webcam/view.htm?id=81B46438-1DD8-B71B-0BDDDE3FF288F323,"[{'url': 'https://www.nps.gov/common/uploads/cropped_image/8FD58073-962C-201B-6A437158DC8F8019.jpg', 'credit': 'NPS Photo', 'altText': 'A glaciated mountain with the words Inactive on the image in red.', 'title': 'Camp Muir Camera Inactive', 'description': '', 'caption': 'A view of glaciated mountain from a webcam that is inactive.', 'crops': [{'aspectRatio': 1.78, 'url': 'https://www.nps.gov/common/uploads/cropped_image/primary/8FD58073-962C-201B-6A437158DC8F8019.jpg'}, {'aspectRatio': 1.33, 'url': 'https://www.nps.gov/common/uploads/cropped_image/secondary/8FD58073-962C-201B-6A437158DC8F8019.jpg'}]}]","This webcam is down for the 2021 season. Enjoy a view of the summit from Camp Schurman, located on the east side of Mount Rainier! Updates every 10 minutes. NOTE: Due to its extreme location, the webcam feed can occasionally go down. Thanks for your understanding."
53,Mount Rainier National Park,mora,National Park,"[46.7502, -121.8117]",Active,https://www.nps.gov/media/webcam/view.htm?id=81B46445-1DD8-B71B-0BB0376A8482E275,[],Looking southwest from the Administration Building toward the road entering Longmire.
54,Gulf Islands National Seashore,guis,National Seashore,"[30.3593, -86.9968]",Active,https://www.nps.gov/media/webcam/view.htm?id=81B4662E-1DD8-B71B-0B01D8503D5C98F4,[],Perdido Key Area a photograph is taken every 15 minutes of the beach located in the Florida District of Gulf Islands National Seashore.
55,Gulf Islands National Seashore,guis,National Seashore,"[30.3593, -86.9968]",Inactive,https://www.nps.gov/media/webcam/view.htm?id=81B46686-1DD8-B71B-0B598B0F097C88D5,[],"Live look at Davis Bayou Area, this image is updated every 15 minutes. This camera is pointed south over the bayou."
56,Gulf Islands National Seashore,guis,National Seashore,"[30.3593, -86.9968]",Active,https://www.nps.gov/media/webcam/view.htm?id=BC0FDBA3-B30A-E177-BCC274650EFF84D4,[],"Live look at the Fort Pickens Area, this image is updated every 15 minutes. This camera is pointed east at the Campground Registration building."
57,El Morro National Monument,elmo,National Monument,"[32.2659, -117.0057]",Active,https://www.nps.gov/media/webcam/view.htm?id=81B46AD5-1DD8-B71B-0BFB3F36B5DDC6EF,[],"Updated every two minutes, this is a live view northwest toward Inscription Rock from the historic El Morro Visitor Center."
58,Lake Meredith National Recreation Area,lamr,National Recreation Area,"[35.7062, -101.5571]",Active,https://www.nps.gov/media/webcam/view.htm?id=D1C22258-A615-AAB8-5494D5C329941F4C,[],"Sanford-Yake provides easy access to Lake Meredith. A boat ramp, fishing dock, and bait shop make this one of the busiest places at Lake Meredith National Recreation Area. The Sanford Dam was completed in 1965 and can be seen in the background. Funding for this webcam was provided by the Lake Meredith and Alibates Friends Group. The functionality of the camera was provided by Wright-On Bait and Tackle Shop."
59,Lake Meredith National Recreation Area,lamr,National Recreation Area,"[35.5569, -101.7423]",Active,https://www.nps.gov/media/webcam/view.htm?id=31A9FB85-E7D0-D3B2-90FF5EFCC577CEB7,[],"Lake Meredith National Recreation Area provides recreational activities that are diverse and affordable for visitors of all interests and abilities. Popular recreation activities include boating, fishing, camping, hiking, kayaking, and swimming. This view is from the Sanford Dam and is pointing to the west."
60,New River Gorge National Park and Preserve,neri,National Park and Preserve,"[38.0673, -81.0781]",Active,https://www.nps.gov/media/webcam/view.htm?id=03D5B344-9A69-16BC-F00004463B3C22F8,[],Check the Canyon Rim webcam for the view of the gorge from Canyon Rim Visitor Center.
61,Pea Ridge National Military Park,peri,National Military Park,"[-27.4918, 151.7637]",Inactive,https://www.nps.gov/media/webcam/view.htm?id=81B46B00-1DD8-B71B-0B873BEB52C089D2,[],"Welcome to the Pea Ridge National Military Park Battlefield webcam. Wonderful view of the wide open expanse of the battlefield where 23,000 men fought on the second day of the battle, March 8, 1862."
62,Denali National Park & Preserve,dena,National Park & Preserve,"[63.7195, -148.9686]",Inactive,https://www.nps.gov/dena/learn/photosmultimedia/webcams-pups.htm#9EC0DDE5-A457-4628-8920-632301EDC42B,[],"The Denali Kennels aim to have one litter of puppies each year, to replace dogs that retire at age nine. Breedings are not always successful, but when they are, this webcam shares the early months of the puppies' lives. The camera eventually goes dark in winter, as the sun disappears and the pups outgrow their nursery pen and move to their own houses."
63,Klondike Gold Rush National Historical Park,klgo,National Historical Park,"[59.3665, -135.2897]",Inactive,https://www.nps.gov/media/webcam/view.htm?id=94CAA67B-ECA4-CF50-3D8E80A6A4134131,[],This webcam updates once daily. South facing view from Chilkoot Pass. During winter months the camera may be partly or entirely covered with snow.
64,Klondike Gold Rush National Historical Park,klgo,National Historical Park,"[59.3665, -135.2897]",Inactive,https://www.nps.gov/media/webcam/view.htm?id=951A5846-F1AA-8CCC-192762CA319FAA5F,[],This webcam updates once daily. North facing view from Chilkoot Pass. During the winter months the camera may be partly or entirely covered with snow.
65,Acadia National Park,acad,National Park,"[44.3385, -68.1832]",Active,https://www.nps.gov/media/webcam/view.htm?id=D7E4CFC7-D5E9-A031-CDF4A30E8DE59E1C,"[{'url': 'https://www.nps.gov/common/uploads/cropped_image/4694C878-9683-31A4-D7A86059852B7750.jpg', 'credit': 'NPS / Jay Elhard', 'altText': 'Wood platform with adjustable metal legs, a solar panel, gray utility box, webcam tower, sand bags', 'title': 'North Atlantic Coastline Webcam', 'description': '', 'caption': 'A fully remote network webcam powered by solar panel and cellular data gateway.', 'crops': [{'aspectRatio': 1.78, 'url': 'https://www.nps.gov/common/uploads/cropped_image/primary/4694C878-9683-31A4-D7A86059852B7750.jpg'}, {'aspectRatio': 1.33, 'url': 'https://www.nps.gov/common/uploads/cropped_image/secondary/4694C878-9683-31A4-D7A86059852B7750.jpg'}]}]","Offering glimpses of sunrise, storms, sailboats, and the occasional seagull, Acadia has developed a fully remote network webcam with solar power and cellular data connectivity. During daylight hours, a static image refreshes about once each minute, and the camera orientation changes about once every two minutes. (Fresh imagery can grow sporadic during hours of peak visitation due to competition for limited bandwidth in the area. Thanks for your patience.)"
66,Shenandoah National Park,shen,National Park,"[38.5178, -78.4368]",Active,https://www.nps.gov/media/webcam/view.htm?id=88E4D7E0-FBAA-9C8F-8DC2EA920F2E0A47,[],Check real-time conditions in Shenandoah with this view from Byrd Visitor Center (mile 51).
67,Isle Royale National Park,isro,National Park,"[48.1471, -88.4836]",Active,https://www.nps.gov/media/webcam/view.htm?id=81B46B18-1DD8-B71B-0B6741D09D58BA2A,[],"Overlooking the Visitor Center and RANGER III dock at Snug Harbor, this camera view provides a vantage point to view the various small islands scattered about the Rock Harbor channel. On a clear day, the water tower at Mott Island is visible and the heights of Mount Saginaw tower in the background. The webcam is active only during the summer months when power is available to it (typically from the beginning of May until late September)."
68,Isle Royale National Park,isro,National Park,"[47.9118, -89.1572]",Active,https://www.nps.gov/media/webcam/view.htm?id=C97C8431-A655-D5A3-13742820024E5899,[],"Perched atop the Windigo Visitor Center, the Windigo Webcam offers a sweeping view of Washington Harbor. You might find a moose swimming or foraging through these sheltered Lake Superior waters, or catch a colorful sunset in all its brilliance on a late summer night. The webcam is active only during the summer months when power is available to it (typically from the beginning of May until late September)."
69,Isle Royale National Park,isro,National Park,"[48.1071, -88.5473]",Active,https://www.nps.gov/media/webcam/view.htm?id=859C0EBC-9950-5435-9BC069D71845B0CD,[],"Mott Island, Isle Royale National Park's summer headquarters, is the nucleus of operations on the island. It is a barrier island located on the south side of Rock Harbor Channel. The webcam is active on real-time intervals during the summer months when power is available to it, and communicating multiple times per day during the winter when solar power allows."
70,Isle Royale National Park,isro,National Park,"[48.1092, -88.6059]",Active,https://www.nps.gov/media/webcam/view.htm?id=0EE1CA55-EE60-AA3D-094562D38610B700,[],"From one of the highest Isle Royale peaks at 1133 feet above sea level (roughly 530 feet above Lake Superior), the Greenstone Ridge Webcam at the peak of Mount Ojibway gazes across the spine of the Greenstone Ridge from the fire tower. It captures a southwest vantage point, a swath from Moskey Basin on the left to Sargent Lake on the right. The webcam is solar powered and communicates multiple times per day, year-round, when power and communications infrastructure allows."
71,Isle Royale National Park,isro,National Park,"[48.1471, -88.4872]",Active,https://www.nps.gov/media/webcam/view.htm?id=41516A2F-B710-0362-EFEECACAA00F1EF0,[],"Tobin Harbor is located on the northeast end of Isle Royale, near Rock Harbor. In the early 20th century, it was a popular summer haven for vacationers. Visitors today enjoy the peaceful paddling and boating opportunities it offers. The webcam is active only during the summer months when power is available to it (typically from the beginning of May until late September)."
72,Devils Tower National Monument,deto,National Monument,"[44.5891, -104.7004]",Active,https://www.nps.gov/media/webcam/view.htm?id=E3E949A6-F8DC-A46A-08246EF53353A025,[],This webcam updates every 30 seconds to show a still image of live conditions at the park's entrance station. Check the webcam before visiting so you know what to expect.
73,Point Reyes National Seashore,pore,National Seashore,"[38.0439, -122.7979]",Active,https://www.nps.gov/media/webcam/view.htm?id=C986E164-9C6D-8648-C6DAD8D8319D8D0D,"[{'url': 'https://www.nps.gov/common/uploads/cropped_image/812E63FA-05E6-8409-3ED8CF08966B7CA1.jpg', 'credit': 'NPS Photo', 'altText': 'A color photo of large waves washing up on a very long beach. Rocks are visible in the foreground.', 'title': 'Is it foggy or sunny at the Point?', 'description': '', 'caption': 'Point Reyes Web Camera', 'crops': [{'aspectRatio': 1.78, 'url': 'https://www.nps.gov/common/uploads/cropped_image/primary/812E63FA-05E6-8409-3ED8CF08966B7CA1.jpg'}, {'aspectRatio': 1.33, 'url': 'https://www.nps.gov/common/uploads/cropped_image/secondary/812E63FA-05E6-8409-3ED8CF08966B7CA1.jpg'}]}]",View of Point Reyes Beach Looking North-Northeast from the Point Reyes Lighthouse Visitor Center. Image refreshes every fifteen minutes.
74,John Day Fossil Beds National Monument,joda,National Monument,"[44.5537, -119.6454]",Inactive,https://www.nps.gov/media/webcam/view.htm?id=81B462CE-1DD8-B71B-0B6F244DAD0F023D,[],"Sheep Rock is one of the magnificent centerpieces of John Day Fossil Beds National Monument, rising over 1,000 ft (300 m) above the valley floor. Colorful, fossil-rich volcanic ash layers are visible on its slopes. This webcam points towards the east and the top of Sheep Rock reaches 3360 ft (1024 m)."
75,John Day Fossil Beds National Monument,joda,National Monument,"[44.913, -120.415]",Active,https://www.nps.gov/media/webcam/view.htm?id=2F48025E-07C8-4EEC-A9C675EB4BD27FD4,"[{'url': 'https://www.nps.gov/common/uploads/cropped_image/2FC01B04-F3AF-44C9-3CA9287DA896E53F.jpg', 'credit': 'NPS', 'altText': 'jagged pillar like cliffs with dry grass', 'title': 'The Clarno Palisade', 'description': '', 'caption': 'The Clarno Palisades as found at the Clarno Unit of John Day Fossil Beds', 'crops': [{'aspectRatio': 1.78, 'url': 'https://www.nps.gov/common/uploads/cropped_image/primary/2FC01B04-F3AF-44C9-3CA9287DA896E53F.jpg'}, {'aspectRatio': 1.33, 'url': 'https://www.nps.gov/common/uploads/cropped_image/secondary/2FC01B04-F3AF-44C9-3CA9287DA896E53F.jpg'}]}]","The webcam is pointed towards the northwest at the Clarno Palisades, 50-million-year-old mudflow deposits. The Palisades are approximately 1,750 ft (533 m) in elevation. If you want to beat the crowds, visit the Clarno Unit because it is the least visited unit of the park."
76,John Day Fossil Beds National Monument,joda,National Monument,"[44.6576, -120.2608]",Active,https://www.nps.gov/media/webcam/view.htm?id=4BC3A7AF-C4DB-8BD8-30708A8A456E516F,[],"The webcam points towards the northwest at Carroll Rim, a 2430 ft (741 m) hill capped by ignimbrite, or a massive pyroclastic deposit. The ignimbrite sits on top of the Turtle Cove member of the John Day formation. The iconic painted hills are not visible in this image, but the view gives a good approximation of what the weather may be like at the Painted Hills Unit."
77,Devils Tower National Monument,deto,National Monument,"[44.5905, -104.7152]",Active,https://www.nps.gov/media/webcam/view.htm?id=34A2E299-D1A6-73B6-83317D912825FDF8,[],"This webcam updates every 30 seconds to show a still image of live conditions at the park. From the amphitheater, you can see the south face of Devils Tower. You can also see the Prairie Dog Town pullouts along the park road from here."
78,Devils Tower National Monument,deto,National Monument,"[44.5905, -104.7152]",Active,https://www.nps.gov/media/webcam/view.htm?id=34CA6D33-B7F4-4D81-012FADCDA97D746E,[],"This webcam updates every 30 seconds to show a still image of live conditions at the park. Keep up with our bustling prairie dog town. Watch the dogs scurry from burrow to burrow, barking and evading predators. If you're lucky, you may catch a fox strolling by."
79,Devils Tower National Monument,deto,National Monument,"[44.5905, -104.7152]",Active,https://www.nps.gov/media/webcam/view.htm?id=353840EE-9D49-67A6-C3D2292B5251E4DD,[],This webcam updates every 30 seconds to show a still image of live conditions at the park. This view is the first of the Tower for visitors entering the park just before crossing the Belle Fourche River.
80,Devils Tower National Monument,deto,National Monument,"[44.5905, -104.7152]",Active,https://www.nps.gov/media/webcam/view.htm?id=AF525760-D248-7B9D-833CFB922312238E,[],"This webcam updates every 30 seconds to show a still image of live conditions at the park. From the park entrance looking out towards the road which visitors use to enter the park. This is a great webcam to check road status in the winter, or the line to enter in the summer. Note that from late May through early September the wait to enter the park can be 30 minutes or more. Parking is very limited within the monument, but our staff work as quickly as they can to process transactions at the entrance station."
81,Devils Tower National Monument,deto,National Monument,"[44.5905, -104.7152]",Active,https://www.nps.gov/media/webcam/view.htm?id=B350FEC9-B0A9-1A69-A42E3BF75F21E821,[],"This webcam updates every 30 seconds to show a still image of live conditions at the park. The webcam is mounted on the historic Devils Tower Visitor Center. During the summer months, you may be able to spot rock climbers on the Tower. The visitor center flagpole is in the lower portion of the image."
82,Big Hole National Battlefield,biho,National Battlefield,"[45.6504, -113.6506]",Active,https://www.nps.gov/media/webcam/view.htm?id=81B46554-1DD8-B71B-0BF6D4520C2357E9,[],"Dominating the background is Battle Mountain. On the slopes of this hill, the Nez Perce kept their horses. On the flat at the base of Battle Mountain is the north fork of the Big Hole River. If you look off to the right, you can see the tipi poles that mark and memorialize the village site that was attacked on the morning of August 9, 1877."
83,Crater Lake National Park,crla,National Park,"[42.9411, -122.1329]",Active,https://www.nps.gov/media/webcam/view.htm?id=81B4628D-1DD8-B71B-0B183DA83E05154F,[],"Curious about road conditions? This webcam can help you determine if the park's roads are icy. It looks south along Munson Valley Road from the Annie Spring Entrance Station (elevation 6,000 feet). The silver bar on the left is a flag pole. Image updates every 4 to 6 minutes."
84,Crater Lake National Park,crla,National Park,"[42.9411, -122.1329]",Active,https://www.nps.gov/media/webcam/view.htm?id=81B462AA-1DD8-B71B-0BAC82E1AFD3CC1D,[],"The Steel Visitor Center at Park Headquarters (elevation 6,450 feet) is currently closed for renovation. (Normally, it's open every day of the year except Christmas.) This view is useful in showing the amount of snow currently on the ground in the park. It can be 10 to 15 feet deep in the late winter and early spring. Image updates every 1 to 2 minutes."
85,Crater Lake National Park,crla,National Park,"[42.9115, -122.143]",Inactive,https://www.nps.gov/media/webcam/view.htm?id=BAB9400D-C123-A696-F87EB5B6A61F30D6,[],"Crater Lake visible today? Sometimes the lake is hidden by clouds, especially in the winter. This view looks north across the lake from the Sinnott Overlook at Rim Village (elevation 7,100 feet). On a clear day, it takes in Wizard Island, Llao Rock, and Mount Thielsen. Image updates every 4 to 6 minutes. NOTE: THIS WEBCAM IS CURRENTLY STUCK ON AN IMAGE FROM JANUARY 3RD, WHEN IT WAS KNOCKED OFFLINE BY A POWER OUTAGE. UNFORTUNATELY, IT WILL LIKELY NOT BE OPERATIONAL AGAIN UNTIL JUNE (WE CAN'T SAFELY ACCESS THE SINNOTT OVERLOOK RIGHT NOW DUE TO SNOW.) IN THE MEANTIME, PLEASE VIEW OUR OTHER WEBCAMS TO GET A SENSE OF THE CURRENT WEATHER CONDITIONS IN THE PARK."
86,Ice Age Floods National Geologic Trail,iafl,National Geologic Trail,"[47.6066, -119.3647]",Active,https://www.nps.gov/media/webcam/view.htm?id=F14A1458-C9D4-C33A-286E87E740FB067B,"[{'url': 'https://www.nps.gov/common/uploads/cropped_image/F1692ABB-0CD8-A951-CEC36D285552B4C7.jpg', 'credit': 'David McWalter', 'altText': 'Dry Falls Visitor Center', 'title': 'Dry Falls Visitor Center', 'description': '', 'caption': 'Looking at Dry Falls from Dry Falls Visitor Center', 'crops': [{'aspectRatio': 1.78, 'url': 'https://www.nps.gov/common/uploads/cropped_image/primary/F1692ABB-0CD8-A951-CEC36D285552B4C7.jpg'}, {'aspectRatio': 1.33, 'url': 'https://www.nps.gov/common/uploads/cropped_image/secondary/F1692ABB-0CD8-A951-CEC36D285552B4C7.jpg'}]}]",The Dry Falls Visitor Center maintains a webcam which looks across the 3.5 miles wide dry waterfall. Created when Ice Age Floods water eroded the canyon below back to the cliff edge. This dry waterfall is perhaps one of the largest in the world.
87,Whiskeytown National Recreation Area,whis,National Recreation Area,"[40.615, -122.5202]",Inactive,https://www.nps.gov/media/webcam/view.htm?id=81B4659E-1DD8-B71B-0B6B520E1760F1A2,[],"This camera is located on the roof of the park visitor center and looks west over Whiskeytown Lake. Due to a system wide security update, our 15 year old webcam was rendered inoperable. A new webcam has been ordered and we are waiting for its delivery and installation. We will have it back up and running as soon as possible. We are sorry for any inconvenience."
88,Denali National Park & Preserve,dena,National Park & Preserve,"[63.7318, -148.892]",Inactive,https://www.nps.gov/media/webcam/view.htm?id=81B465AC-1DD8-B71B-0B12FBD542C257E8,[],"Have you ever wanted to check conditions for hiking, skiing, and other outdoor activities along the Denali Park Road corridor west of Park Headquarters? A new Alpine Tundra webcam, perched high atop a shoulder of Mount Healy along the park’s Outer Range, offers a westward perspective for several miles beyond the entrance area. Snow and extreme conditions may obscure the view at times. The image is set to refresh several times each minute."
89,Padre Island National Seashore,pais,National Seashore,"[-27.4918, 151.7637]",Active,https://www.nps.gov/media/webcam/view.htm?id=81B467E2-1DD8-B71B-0B91DCA0B089397B,[],Welcome to the Malaquite Beach webcam page. The page will automatically reload every 60 seconds. You can reload the page quicker by hitting your refresh browser button.
90,Shenandoah National Park,shen,National Park,"[38.6276, -78.3382]",Active,https://www.nps.gov/media/webcam/view.htm?id=81B46B71-1DD8-B71B-0B55074571E08B1E,"[{'url': 'https://www.nps.gov/common/uploads/cropped_image/79ED39A1-F4F6-2553-B49DB523127C8D0A.jpg', 'credit': 'NPS', 'altText': 'Mt View Webcam', 'title': 'Mt View Webcam - Shenandoah NP', 'description': '', 'caption': 'Mt View Webcam', 'crops': [{'aspectRatio': 1.78, 'url': 'https://www.nps.gov/common/uploads/cropped_image/primary/79ED39A1-F4F6-2553-B49DB523127C8D0A.jpg'}, {'aspectRatio': 1.33, 'url': 'https://www.nps.gov/common/uploads/cropped_image/secondary/79ED39A1-F4F6-2553-B49DB523127C8D0A.jpg'}]}]",Watch as the seasons change from Skyline Drive into the Shenandoah Valley.
91,Shenandoah National Park,shen,National Park,"[38.5176, -78.4369]",Active,https://www.nps.gov/media/webcam/view.htm?id=81B46B8C-1DD8-B71B-0BF1193DC1276558,"[{'url': 'https://www.nps.gov/common/uploads/cropped_image/7936A195-A80E-3C6E-C565D76F43FD4061.jpg', 'credit': 'NPS', 'altText': 'BVC Webcam image 23 April, 2019', 'title': 'BVC Webcam', 'description': '', 'caption': 'BVC Webcam image 23 April, 2019', 'crops': [{'aspectRatio': 1.78, 'url': 'https://www.nps.gov/common/uploads/cropped_image/primary/7936A195-A80E-3C6E-C565D76F43FD4061.jpg'}, {'aspectRatio': 1.33, 'url': 'https://www.nps.gov/common/uploads/cropped_image/secondary/7936A195-A80E-3C6E-C565D76F43FD4061.jpg'}]}]","Big Meadows webcam from Byrd Visitor Center looking South. (picture updated once every 15 minutes) Park Webcam images provided in part by entrance fee funding, The National Park Foundation (https://www.nationalparks.org/), and a generous private donation."
92,Shenandoah National Park,shen,National Park,"[38.5177, -78.4367]",Active,https://www.nps.gov/media/webcam/view.htm?id=81B46B99-1DD8-B71B-0B124A40CC3384CE,"[{'url': 'https://www.nps.gov/common/uploads/cropped_image/798E3A07-ED2A-4A7C-DC656F12775B7A1C.jpg', 'credit': 'NPS', 'altText': 'BM Webcam 2 - 28 May, 2015', 'title': 'BM Webcam 2', 'description': '', 'caption': 'BM Webcam 2 - 28 May, 2015', 'crops': [{'aspectRatio': 1.78, 'url': 'https://www.nps.gov/common/uploads/cropped_image/primary/798E3A07-ED2A-4A7C-DC656F12775B7A1C.jpg'}, {'aspectRatio': 1.33, 'url': 'https://www.nps.gov/common/uploads/cropped_image/secondary/798E3A07-ED2A-4A7C-DC656F12775B7A1C.jpg'}]}]",Big Meadows 2 webcam image (updated every 15 min)
93,Yosemite National Park,yose,National Park,"[37.749, -119.5885]",Active,https://www.nps.gov/media/webcam/view.htm?id=81B464BC-1DD8-B71B-0B0F6F15CBA4A034,[],This view of Yosemite Valley from just east of Yosemite Village gives a sense of conditions of the floor of Yosemite Valley. This webcam image is provided courtesy of Yosemite Conservancy.
94,Yosemite National Park,yose,National Park,"[37.749, -119.5885]",Active,https://www.nps.gov/media/webcam/view.htm?id=81B464CB-1DD8-B71B-0BCE050658CED5EF,[],"This webcam, located at about 8,000 feet in elevation, shows Half Dome and the surrounding high country. This webcam image is provided courtesy of Yosemite Conservancy."
95,Yosemite National Park,yose,National Park,"[37.749, -119.5885]",Active,https://www.nps.gov/media/webcam/view.htm?id=81B464D8-1DD8-B71B-0B27F29DCD4CE913,[],"Located on a dome near the Wawona Tunnel, this webcam provides a nice view of Yosemite Valley. This webcam image is provided courtesy of Yosemite Conservancy."
96,Yosemite National Park,yose,National Park,"[37.749, -119.5885]",Active,https://www.nps.gov/subjects/air/webcams.htm?site=yose,[],This air quality camera shows the view to the west from near Yosemite Valley and also displays current air quality and weather data.
97,Yosemite National Park,yose,National Park,"[37.749, -119.5885]",Active,https://www.nps.gov/media/webcam/view.htm?id=81B464F7-1DD8-B71B-0BE08AC5151D73F6,[],"Yosemite Falls, a combination of Upper Yosemite Fall, Middle Cascades, and Lower Yosemite Fall, has a total height of 2,425 feet. In May, you may see Pacific dogwood in bloom just below the waterfall. This webcam image is provided courtesy of Yosemite Conservancy."
98,Yosemite National Park,yose,National Park,"[37.749, -119.5885]",Active,https://www.nps.gov/media/webcam/view.htm?id=81B46503-1DD8-B71B-0BABF33689031F0B,[],Yosemite Hospitality operates a webcam at the Badger Pass Ski Area so you can check current conditions and activity.
99,Yosemite National Park,yose,National Park,"[37.749, -119.5885]",Inactive,https://www.nps.gov/media/webcam/view.htm?id=81B46511-1DD8-B71B-0BF4530A57767712,[],"Yosemite Hospitality operates a webcam at the Tuolumne Meadows Store, giving you a glimpse into the high country during the summer. The prominent dome in the distance is Fairview Dome."
100,Yosemite National Park,yose,National Park,"[37.749, -119.5885]",Active,https://www.nps.gov/media/webcam/view.htm?id=81B46521-1DD8-B71B-0BB6424139EC91BE,[],"From here, you can see the Merced River as it flows past Yosemite Valley's Happy Isles Gaging Station</a>, which the US Geological Survey has maintained for over 100 years."
101,Curecanti National Recreation Area,cure,National Recreation Area,"[38.459, -107.1487]",Active,https://www.nps.gov/media/webcam/view.htm?id=81B467F4-1DD8-B71B-0B5F43AC14C1ABED,[],View of Blue Mesa Reservoir and Elk Creek Campground.
102,Curecanti National Recreation Area,cure,National Recreation Area,"[38.459, -107.1487]",Inactive,https://www.nps.gov/media/webcam/view.htm?id=81B46802-1DD8-B71B-0B3B619C8C1D1A09,[],View of the Dillon Pinnacles and Blue Mesa Reservoir.
103,Glacier Bay National Park & Preserve,glba,National Park & Preserve,"[58.4519, -135.7756]",Active,https://www.nps.gov/media/webcam/view.htm?id=81B46702-1DD8-B71B-0BF47E9DB5A237C2,"[{'url': 'https://www.nps.gov/common/uploads/cropped_image/4C668897-EB59-962C-8D308D3CEA13BD83.jpg', 'credit': 'NPS', 'altText': 'Overcast day, gray-green water and distant pine trees flank left and right of lagoon', 'title': 'Bartlett Cove Inner Lagoon Webcam Winter', 'description': '', 'caption': 'Overcast day at the inner lagoon', 'crops': [{'aspectRatio': 1.78, 'url': 'https://www.nps.gov/common/uploads/cropped_image/primary/4C668897-EB59-962C-8D308D3CEA13BD83.jpg'}, {'aspectRatio': 1.33, 'url': 'https://www.nps.gov/common/uploads/cropped_image/secondary/4C668897-EB59-962C-8D308D3CEA13BD83.jpg'}]}]","Located adjacent to park headquarters, this serene location hosts a variety of wildlife. Watch for river otters, harbor seals, waterfowl, moose, black bears, and an endless cycle of tides. On clear days, summits of the the Fairweather Range are on spectacular display. The scenery changes by the minute ... click this image for a live view!"
104,Glacier Bay National Park & Preserve,glba,National Park & Preserve,"[58.4519, -135.7756]",Active,https://www.nps.gov/media/webcam/view.htm?id=81B46712-1DD8-B71B-0B4B99EDA0AE3CFC,"[{'url': 'https://www.nps.gov/common/uploads/cropped_image/E9B36C2C-A042-82AA-E55F580C3E2BDFB9.jpg', 'credit': 'NPS', 'altText': 'Green blue water and a dock with several boats covered in snow. Mountains and trees behind.', 'title': 'Bartlett Cove Public Dock Feb Webcam', 'description': '', 'caption': 'February view of the Bartlett Cove Public Dock', 'crops': [{'aspectRatio': 1.78, 'url': 'https://www.nps.gov/common/uploads/cropped_image/primary/E9B36C2C-A042-82AA-E55F580C3E2BDFB9.jpg'}, {'aspectRatio': 1.33, 'url': 'https://www.nps.gov/common/uploads/cropped_image/secondary/E9B36C2C-A042-82AA-E55F580C3E2BDFB9.jpg'}]}]","The public-use dock in Glacier Bay National Park is a hub of activity. Sailboats, kayaks, park boats, large tour vessels, and smaller charter fishing boats come and go throughout the summer months. On a clear day the peaks of Excursion Ridge are visible. The activity changes by the minute ... click the image to see the action live!"
105,Glacier Bay National Park & Preserve,glba,National Park & Preserve,"[58.4519, -135.7756]",Active,https://www.nps.gov/media/webcam/view.htm?id=81B46720-1DD8-B71B-0B4AA07A2DC9D393,"[{'url': 'https://www.nps.gov/common/uploads/cropped_image/E9DA1C63-C6F3-76F4-B12A0903502A0B7E.jpg', 'credit': 'NPS', 'altText': 'ATV tracks in deep snow, with the bartlett dock in background, and small patch of blue sky above', 'title': 'Tlingit Trail February Webcam View', 'description': '', 'caption': 'Tlingit Trail February Webcam View', 'crops': [{'aspectRatio': 1.78, 'url': 'https://www.nps.gov/common/uploads/cropped_image/primary/E9DA1C63-C6F3-76F4-B12A0903502A0B7E.jpg'}, {'aspectRatio': 1.33, 'url': 'https://www.nps.gov/common/uploads/cropped_image/secondary/E9DA1C63-C6F3-76F4-B12A0903502A0B7E.jpg'}]}]","The Tlingit Trail follows the shoreline of Bartlett Cove from the Huna Tribal House to the Visitor Information Station and the public-use dock. Interpretive signs explain Tlingit culture and common native plants. A variety of vessels from around the world dock here, including an occasional floatplane. On a clear day the high peaks of the Beartrack Mountains can be seen rising above the forested Beardslee Islands in the distance. Click the image to see a live view!"
106,Glacier Bay National Park & Preserve,glba,National Park & Preserve,"[58.4519, -135.7756]",Active,https://www.nps.gov/media/webcam/view.htm?id=81B4672D-1DD8-B71B-0B04336F55ECDD47,"[{'url': 'https://www.nps.gov/common/uploads/cropped_image/E95F8F3A-F1C8-F7C1-614B0FD3EC9C22CF.jpg', 'credit': 'NPS', 'altText': 'Lower bay of glacier bay on a cloudy february day, gray clouds above and smooth dark water below', 'title': 'Lower Bay Feb Webcam Capture', 'description': '', 'caption': 'February view of the Lower Bay', 'crops': [{'aspectRatio': 1.78, 'url': 'https://www.nps.gov/common/uploads/cropped_image/primary/E95F8F3A-F1C8-F7C1-614B0FD3EC9C22CF.jpg'}, {'aspectRatio': 1.33, 'url': 'https://www.nps.gov/common/uploads/cropped_image/secondary/E95F8F3A-F1C8-F7C1-614B0FD3EC9C22CF.jpg'}]}]","Two hundred fifty years ago this entire area was covered with ice. Now it’s home to sea otters, humpback whales and orcas. Occasional ships enter Glacier Bay, rounding Point Carolus from Icy Strait; park visitors wander the shoreline, checking out tidepools at Halibut Point. Weather patterns over the Bay change by the minute … click this image to see a live view!"
107,Nez Perce National Historical Park,nepe,National Historical Park,"[46.4433, -116.8215]",Active,https://www.nps.gov/media/webcam/view.htm?id=81B46231-1DD8-B71B-0BF568598E77E76B,[],"The park's main visitor center sit's on a hill overlooking the Clearwater River. In the Nez Perce language, this place is called ?iyíwewiy. In English we call it the Spalding site. It was at this location that Henry Spalding set up his mission in the 1830s. Enjoy!"
108,Nez Perce National Historical Park,nepe,National Historical Park,"[46.4433, -116.8215]",Active,https://www.nps.gov/media/webcam/view.htm?id=81B46242-1DD8-B71B-0BEBAC07B8B5AC8C,[],"The web cam at the Big Hole battlefield is attached to the visitor center and looks northeast across the battlefield. Dominating the background is Battle Mountain. On the slopes of this hill, the Nez Perce kept their horses. On the flat at the base of Battle Mountain is the north fork of the Big Hole River. If you look off to the right, you can see the tipi poles that mark and memorialize the village site that was attacked by Colonel John Gibbon early on the morning of August 10, 1877."
109,Rocky Mountain National Park,romo,National Park,"[40.441, -105.7545]",Active,https://www.nps.gov/media/webcam/view.htm?id=81B4681E-1DD8-B71B-0B8311E4FAC15EF4,[],"The Alpine Visitor Center, at 11,796’, is the highest elevation visitor center in the National Park System. This webcam reveals views of Mount Chapin, Fall River Canyon, Old Fall River Road, and part of Trail Ridge. Call the Trail Ridge Road Status Line at 970-586-1222 for more information on road status. During the fall and winter seasons, the webcam is placed inside the Alpine Visitor Center. At this time, the temperature reflected on the webcam image indicates the visitor center indoor temperature."
110,Rocky Mountain National Park,romo,National Park,"[40.3555, -105.6971]",Active,https://www.nps.gov/media/webcam/view.htm?id=81B4682A-1DD8-B71B-0BBC127D2E00ACD9,[],"Located on the west side of Rocky Mountain National Park one-half mile from the Grand Lake Entrance Station, Harbison Meadow in the Kawuneeche Valley teems with wildlife and wildflowers. The Never Summer Mountains look down on the headwaters of the Colorado River in this view of the Kawuneeche Valley."
111,Rocky Mountain National Park,romo,National Park,"[40.3555, -105.6971]",Active,https://www.nps.gov/media/webcam/view.htm?id=81B4683A-1DD8-B71B-0B01974CAAE7F372,[],"Located at Glacier Basin Campground, the Continental Divide Webcam offers a spectacular view of the peaks which rise up from the Bear Lake area. On clear days you will see Thatchtop, Taylor Peak, Otis Peak, Hallett Peak, and Flattop Mountain."
112,Rocky Mountain National Park,romo,National Park,"[40.3555, -105.6971]",Active,https://www.nps.gov/media/webcam/view.htm?id=81B46847-1DD8-B71B-0B46D032F33B54DF,[],"The Longs Peak Webcam is located in the beautiful Tahosa Valley along Hwy 7. The webcam takes you to the tallest mountain in Rocky Mountain National Park. Longs Peak sits at an elevation of 14,259' and is a challenging mountain to climb under the best conditions. Visit the <a href=""https://www.nps.gov/romo/planyourvisit/longs_peak_conditions_report.htm"">Longs Peak</a> page for more information. *Afternoon sunlight and smoke has made our view a bit hazy. When we can, we will be pointing this camera to Longs Peak or Twin Sisters to give you the best view. An overlay at the top of this image will tell you which way the camera is shining.*"
113,Rocky Mountain National Park,romo,National Park,"[40.3555, -105.6971]",Active,https://www.nps.gov/media/webcam/view.htm?id=81B4686B-1DD8-B71B-0B122CB864D072FC,[],"Beaver Meadows Entrance is located just west of Estes Park on US Hwy 36. This view is looking east from the entrance station, depicting the flow of vehicles entering the park."
114,Hawaiʻi Volcanoes National Park,havo,National Park,"[19.5985, -155.5186]",Active,https://www.nps.gov/media/webcam/view.htm?id=4C017FB8-DA02-9D7A-7B0D2E876D392CDC,"[{'url': 'https://www.nps.gov/common/uploads/cropped_image/4C092528-9B09-9110-10D7DC43650CE713.jpg', 'credit': 'USGS/HVO', 'altText': 'Clouds hovering around a distant mountain', 'title': 'M1Cam', 'description': '', 'caption': 'Clouds ring the top of Mauna Loa, as seen from the HVO watchtower', 'crops': [{'aspectRatio': 1.78, 'url': 'https://www.nps.gov/common/uploads/cropped_image/primary/4C092528-9B09-9110-10D7DC43650CE713.jpg'}, {'aspectRatio': 1.33, 'url': 'https://www.nps.gov/common/uploads/cropped_image/secondary/4C092528-9B09-9110-10D7DC43650CE713.jpg'}]}]",This image is from a research camera positioned in the observation tower at the Hawaiian Volcano Observatory. The camera looks northwest toward the summit and Northeast Rift Zone of Mauna Loa. Courtesy of USGS Hawaiian Volcano Observatory.
115,Hawaiʻi Volcanoes National Park,havo,National Park,"[19.5985, -155.5186]",Active,https://www.nps.gov/media/webcam/view.htm?id=510D0421-C0D7-0A4B-7D57935F8ACA3376,"[{'url': 'https://www.nps.gov/common/uploads/cropped_image/51214897-D89E-64C8-DE1F3FB178B252CF.jpg', 'credit': 'USGS-HVO', 'altText': 'Webcam image of a volcanic caldera', 'title': 'M3', 'description': '', 'caption': 'M3 Webcam', 'crops': [{'aspectRatio': 1.78, 'url': 'https://www.nps.gov/common/uploads/cropped_image/primary/51214897-D89E-64C8-DE1F3FB178B252CF.jpg'}, {'aspectRatio': 1.33, 'url': 'https://www.nps.gov/common/uploads/cropped_image/secondary/51214897-D89E-64C8-DE1F3FB178B252CF.jpg'}]}]","This image is from a research camera positioned on a cone on the Southwest Rift Zone of Mauna Loa in Hawaiʻi Volcanoes National Park. The camera looks northeast (upslope), focusing on the upper part of the Southwest Rift Zone. The upper flank of Mauna Loa forms the skyline. Courtesy of USGS Hawaiian Volcano Observatory."
116,Hawaiʻi Volcanoes National Park,havo,National Park,"[19.5985, -155.5186]",Active,https://www.nps.gov/media/webcam/view.htm?id=515313A0-DD87-14C1-66C9D781B0595B39,"[{'url': 'https://www.nps.gov/common/uploads/cropped_image/516D0F9B-983C-CF80-168FC42B4AD0C145.jpg', 'credit': 'USGS-HVO', 'altText': 'Webcam image of the slopes of a volcano', 'title': 'M2 Webcam', 'description': '', 'caption': 'M2 webcam', 'crops': [{'aspectRatio': 1.78, 'url': 'https://www.nps.gov/common/uploads/cropped_image/primary/516D0F9B-983C-CF80-168FC42B4AD0C145.jpg'}, {'aspectRatio': 1.33, 'url': 'https://www.nps.gov/common/uploads/cropped_image/secondary/516D0F9B-983C-CF80-168FC42B4AD0C145.jpg'}]}]","This image is from a research camera positioned on a cone in the Southwest Rift Zone of Mauna Loa in Hawaiʻi Volcanoes National Park. The camera looks northeast (upslope), focusing on the middle part of the Southwest Rift Zone. The volcano's summit is at upper right. Courtesy of USGS Hawaiian Volcano Observatory."
117,Hawaiʻi Volcanoes National Park,havo,National Park,"[19.5985, -155.5186]",Active,https://www.nps.gov/media/webcam/view.htm?id=52993E58-0CB0-1DBB-4BB28592D4380FC6,"[{'url': 'https://www.nps.gov/common/uploads/cropped_image/52A5EECE-A818-B203-1805E54BE4701086.jpg', 'credit': 'USGS-HVO', 'altText': 'Thermal image of a volcanic caldera', 'title': 'MT Webcam', 'description': '', 'caption': 'MT Webcam', 'crops': [{'aspectRatio': 1.78, 'url': 'https://www.nps.gov/common/uploads/cropped_image/primary/52A5EECE-A818-B203-1805E54BE4701086.jpg'}, {'aspectRatio': 1.33, 'url': 'https://www.nps.gov/common/uploads/cropped_image/secondary/52A5EECE-A818-B203-1805E54BE4701086.jpg'}]}]","This image is from a temporary thermal camera located on the north rim of the Mauna Loa summit caldera. The temperature scale is in degrees Celsius up to a maximum of 500 degrees (932 degrees Fahrenheit) for this camera model, and scales automatically based on the maximum and minimum temperatures on the caldera floor and not the whole frame, which sometimes results in the rim (bottom of image) looking saturated (white). Courtesy of USGS Hawaiian Volcano Observatory."
118,Hawaiʻi Volcanoes National Park,havo,National Park,"[19.5985, -155.5186]",Active,https://www.nps.gov/media/webcam/view.htm?id=52DAED2E-0D5D-FA84-B35645F63C96B719,"[{'url': 'https://www.nps.gov/common/uploads/cropped_image/52E57435-A7DA-9A41-E0458F56E7D14A19.jpg', 'credit': 'USGS-HVO', 'altText': 'A webcam image of a volcanic caldera', 'title': 'ML Webcam', 'description': '', 'caption': 'ML webcam', 'crops': [{'aspectRatio': 1.78, 'url': 'https://www.nps.gov/common/uploads/cropped_image/primary/52E57435-A7DA-9A41-E0458F56E7D14A19.jpg'}, {'aspectRatio': 1.33, 'url': 'https://www.nps.gov/common/uploads/cropped_image/secondary/52E57435-A7DA-9A41-E0458F56E7D14A19.jpg'}]}]","This image is from a temporary research camera positioned on the north rim of Mokuʻāweoweo, the summit caldera of Mauna Loa volcano by the USGS Hawaiian Volcano Observatory. If you look carefully around early morning or late evening, you may see a few thermal areas emitting steam. Courtesy of USGS Hawaiian Volcano Observatory."
119,Hawaiʻi Volcanoes National Park,havo,National Park,"[19.5985, -155.5186]",Active,https://www.nps.gov/media/webcam/view.htm?id=585C8125-9D55-6F1C-4047CCBEC192A09B,"[{'url': 'https://www.nps.gov/common/uploads/cropped_image/58733DAC-9379-4C50-ACDCBC6E37A5F868.jpg', 'credit': 'USGS-HVO', 'altText': 'Webcam image looking across a volcanic landscape', 'title': 'PE Webcam', 'description': '', 'caption': 'PE Webcam', 'crops': [{'aspectRatio': 1.78, 'url': 'https://www.nps.gov/common/uploads/cropped_image/primary/58733DAC-9379-4C50-ACDCBC6E37A5F868.jpg'}, {'aspectRatio': 1.33, 'url': 'https://www.nps.gov/common/uploads/cropped_image/secondary/58733DAC-9379-4C50-ACDCBC6E37A5F868.jpg'}]}]","This image is from a temporary research camera positioned northeast of Puʻuʻōʻō, on Puʻu Halulu, looking southwest toward the northeast flank of Puʻuʻōʻō. Courtesy of USGS Hawaiian Volcano Observatory."
120,Hawaiʻi Volcanoes National Park,havo,National Park,"[19.5985, -155.5186]",Active,https://www.nps.gov/media/webcam/view.htm?id=58A536CB-C21C-0B1A-563981BDF0C9509A,"[{'url': 'https://www.nps.gov/common/uploads/cropped_image/58B7A674-96C1-4E65-D8556249A5F217F6.jpg', 'credit': 'USGS-HVO', 'altText': 'Webcam image looking across a volcanic landscape', 'title': 'PS Webcam', 'description': '', 'caption': 'PS Webcam', 'crops': [{'aspectRatio': 1.78, 'url': 'https://www.nps.gov/common/uploads/cropped_image/primary/58B7A674-96C1-4E65-D8556249A5F217F6.jpg'}, {'aspectRatio': 1.33, 'url': 'https://www.nps.gov/common/uploads/cropped_image/secondary/58B7A674-96C1-4E65-D8556249A5F217F6.jpg'}]}]","This image is from a temporary research camera positioned just south of Puʻuʻōʻō, looking north at the southern flank of the cone. Courtesy of USGS Hawaiian Volcano Observatory."
121,Hawaiʻi Volcanoes National Park,havo,National Park,"[19.5985, -155.5186]",Active,https://www.nps.gov/media/webcam/view.htm?id=58ECB34D-A5F7-3091-9894025827D870B0,"[{'url': 'https://www.nps.gov/common/uploads/cropped_image/58F39AF2-E34A-A158-71446DA874DC8ADC.jpg', 'credit': 'USGS-HVO', 'altText': 'Webcam image looking across a volcanic landscape', 'title': 'PW Webcam', 'description': '', 'caption': 'PW Webcam', 'crops': [{'aspectRatio': 1.78, 'url': 'https://www.nps.gov/common/uploads/cropped_image/primary/58F39AF2-E34A-A158-71446DA874DC8ADC.jpg'}, {'aspectRatio': 1.33, 'url': 'https://www.nps.gov/common/uploads/cropped_image/secondary/58F39AF2-E34A-A158-71446DA874DC8ADC.jpg'}]}]","This image is from a research camera positioned on the northwest flank of Puʻuʻōʻō, looking southwest. Courtesy of USGS Hawaiian Volcano Observatory."
122,Hawaiʻi Volcanoes National Park,havo,National Park,"[19.5985, -155.5186]",Active,https://www.nps.gov/media/webcam/view.htm?id=5AFFBDCD-E89C-3189-FC1C884BF9DF3689,"[{'url': 'https://www.nps.gov/common/uploads/cropped_image/5B1449A5-B9CD-B010-11BB5EEFACA6ADB4.jpg', 'credit': 'USGS-HVO', 'altText': 'Thermal image of a volcanic crater with a lake', 'title': 'F1 Webcam', 'description': '', 'caption': 'F1 webcam', 'crops': [{'aspectRatio': 1.78, 'url': 'https://www.nps.gov/common/uploads/cropped_image/primary/5B1449A5-B9CD-B010-11BB5EEFACA6ADB4.jpg'}, {'aspectRatio': 1.33, 'url': 'https://www.nps.gov/common/uploads/cropped_image/secondary/5B1449A5-B9CD-B010-11BB5EEFACA6ADB4.jpg'}]}]",Live thermal image of Halemaʻumaʻu and the lava lake from the west rim of the new summit collapse features. Courtesy of USGS Hawaiian Volcano Observatory. Note: this view is not from a publicly accessible area.
123,Hawaiʻi Volcanoes National Park,havo,National Park,"[19.5985, -155.5186]",Active,https://www.nps.gov/media/webcam/view.htm?id=5B6292AF-D3C2-CF49-C128FA9697DF00B6,"[{'url': 'https://www.nps.gov/common/uploads/cropped_image/5B6E8B64-E427-8417-B666CFB56757A84C.jpg', 'credit': 'USGS-HVO', 'altText': 'Webcam image of a volcanic crater with a lake', 'title': 'KW Webcam', 'description': '', 'caption': 'KW webcam', 'crops': [{'aspectRatio': 1.78, 'url': 'https://www.nps.gov/common/uploads/cropped_image/primary/5B6E8B64-E427-8417-B666CFB56757A84C.jpg'}, {'aspectRatio': 1.33, 'url': 'https://www.nps.gov/common/uploads/cropped_image/secondary/5B6E8B64-E427-8417-B666CFB56757A84C.jpg'}]}]","Live panorama of Halemaʻumaʻu, lava lake, and down-dropped block from the west rim of the new summit collapse features. Courtesy of USGS Hawaiian Volcano Observatory. Note: this view is not from a publicly accessible area."
124,Hawaiʻi Volcanoes National Park,havo,National Park,"[19.3253, -155.6415]",Active,https://www.nps.gov/media/webcam/view.htm?id=5C4C6F8B-AD33-2F9F-4F3E43B83D608681,"[{'url': 'https://www.nps.gov/common/uploads/cropped_image/5C5FF4AF-DC6E-DA64-0C4BEDE78DC93C4F.jpg', 'credit': 'USGS-HVO', 'altText': 'Screenshot of a webcam looking over a volcanic caldera', 'title': 'KI Cam', 'description': '', 'caption': 'KI Cam', 'crops': [{'aspectRatio': 1.78, 'url': 'https://www.nps.gov/common/uploads/cropped_image/primary/5C5FF4AF-DC6E-DA64-0C4BEDE78DC93C4F.jpg'}, {'aspectRatio': 1.33, 'url': 'https://www.nps.gov/common/uploads/cropped_image/secondary/5C5FF4AF-DC6E-DA64-0C4BEDE78DC93C4F.jpg'}]}]",Live panorama of Kaluapele (Kīlauea caldera) from HVO Observation Tower Courtesy of USGS Hawaiian Volcano Observatory. Note: this view is not from a publicly accessible area.
125,Hawaiʻi Volcanoes National Park,havo,National Park,"[19.3253, -155.6415]",Active,https://www.nps.gov/media/webcam/view.htm?id=7F264026-950B-86A2-44307915DC7CA7DD,"[{'url': 'https://www.nps.gov/common/uploads/cropped_image/7F3EC156-F05A-E188-2D745B1B98E5C74C.jpg', 'credit': 'USGS-HVO', 'altText': 'Webcam image of a lava landscape from the slopes of a lava shield', 'title': 'MUCame', 'description': '', 'caption': 'MUCam', 'crops': [{'aspectRatio': 1.78, 'url': 'https://www.nps.gov/common/uploads/cropped_image/primary/7F3EC156-F05A-E188-2D745B1B98E5C74C.jpg'}, {'aspectRatio': 1.33, 'url': 'https://www.nps.gov/common/uploads/cropped_image/secondary/7F3EC156-F05A-E188-2D745B1B98E5C74C.jpg'}]}]","Temporary research camera located on Maunaulu, looking northeast. Courtesy USGS Hawaiian Volcano Observatory"
126,Hawaiʻi Volcanoes National Park,havo,National Park,"[19.3229, -155.6428]",Active,https://www.nps.gov/media/webcam/view.htm?id=AF198329-B220-7948-2329F5B3BAD2B7C8,"[{'url': 'https://www.nps.gov/common/uploads/cropped_image/AF2E297C-E850-8E7A-13F3F73B1E8DDD00.jpg', 'credit': 'USGS-HVO Webcam', 'altText': 'Webcam image looking at a distance volcanic crater from above', 'title': 'KPcam', 'description': '', 'caption': 'KPcam looking from Mauna Loa Road to Kīlauea summit', 'crops': [{'aspectRatio': 1.78, 'url': 'https://www.nps.gov/common/uploads/cropped_image/primary/AF2E297C-E850-8E7A-13F3F73B1E8DDD00.jpg'}, {'aspectRatio': 1.33, 'url': 'https://www.nps.gov/common/uploads/cropped_image/secondary/AF2E297C-E850-8E7A-13F3F73B1E8DDD00.jpg'}]}]",View from Mauna Loa Road looking at the Kīlauea summit to document volcanic eruption plumes. Courtesy USGS Hawaiian Volcano Observatory
127,Hawaiʻi Volcanoes National Park,havo,National Park,"[19.7989, -155.4673]",Active,https://www.nps.gov/media/webcam/view.htm?id=C3A0D30E-980F-1C4E-B489675FB842702B,"[{'url': 'https://www.nps.gov/common/uploads/cropped_image/C3C81507-A7C0-0F56-EF37C824C9D8A1EE.jpg', 'credit': 'USGS', 'altText': 'Image of Mauna Loa volcano. Satellite stands on ash in foreground.', 'title': ""Mauna Loa's Summit and NERZ"", 'description': '', 'caption': 'Research camera positioned on Mauna Kea with views of Mauna Loa.', 'crops': [{'aspectRatio': 1.78, 'url': 'https://www.nps.gov/common/uploads/cropped_image/primary/C3C81507-A7C0-0F56-EF37C824C9D8A1EE.jpg'}, {'aspectRatio': 1.33, 'url': 'https://www.nps.gov/common/uploads/cropped_image/secondary/C3C81507-A7C0-0F56-EF37C824C9D8A1EE.jpg'}]}]",This image is from a research camera positioned on Mauna Kea. The camera looks south toward the summit and Northeast Rift Zone of Mauna Loa.
128,Hawaiʻi Volcanoes National Park,havo,National Park,"[19.3984, -155.2892]",Active,https://www.nps.gov/media/webcam/view.htm?id=182ADDB9-0627-4EBA-94C1658E5EF29871,[],"Live view of the west vent in Halemaʻumaʻu and the lava lake, from the northwest rim of the caldera, looking south [V1cam]. Courtesy of USGS Hawaiian Volcano Observatory. Note: this view is not from a publicly accessible area."
129,Hawaiʻi Volcanoes National Park,havo,National Park,"[19.3989, -155.2894]",Active,https://www.nps.gov/media/webcam/view.htm?id=94481527-F88D-C31D-82609D40443DF72A,[],Live view of Halemaʻumaʻu - temporary webcam image showing the crater lava lake [S1cam]. Courtesy of USGS Hawaiian Volcano Observatory. Note: this view is not from a publicly accessible area.
130,Lassen Volcanic National Park,lavo,National Park,"[40.4359, -121.5338]",Active,https://www.nps.gov/media/webcam/view.htm?id=81B46270-1DD8-B71B-0BE9D202820A8990,[],"This is the view looking north from the Kohm Yah-mah-nee Visitor Center at Lassen Volcanic National Park. The peak to the left is Mt. Diller and Pilot Pinnacle sits to its right. On cool days, it is possible to see steam rising from the Sulphur Works hydrothermal area."
131,Lassen Volcanic National Park,lavo,National Park,"[40.4359, -121.5338]",Inactive,https://www.nps.gov/media/webcam/view.htm?id=81B4627F-1DD8-B71B-0BEBCC5B1768D617,[],This is the view looking southeast from the northwest shore of Manzanita Lake at Lassen Volcanic National Park. Lassen Peak rises in the distance. This webcam is offline indefinitely due to lightning damage. There is no estimate on when this will be repaired or restored.
132,Hawaiʻi Volcanoes National Park,havo,National Park,"[19.4004, -155.2885]",Active,https://www.nps.gov/media/webcam/view.htm?id=BA08FE10-B9F1-6EF1-3EE8A0E9DC683143,[],View the webcam to see the state of the current eruption. Camera location is off-limits to the general public because of significant volcanic hazards.
133,Glacier National Park,glac,National Park,"[48.697, -113.7198]",Inactive,https://www.nps.gov/media/webcam/view.htm?id=81B4690A-1DD8-B71B-0B2D069E1CB02E6A,[],"To many visitors to the park, this view is their first introduction to the spectacular scenery of Glacier National Park. This iconic view from Apgar, at the foot of Lake McDonald, really shows what Glacier is all about...big glacially carved lakes, vast wild views of the high peaks along the Continental Divide, and the ever-changing forests that blanket much of the lower elevations. It's no wonder that for many people when they think of Glacier, they think of this view."
134,Glacier National Park,glac,National Park,"[48.697, -113.7198]",Active,https://www.nps.gov/media/webcam/view.htm?id=81B4691B-1DD8-B71B-0BB9DBEE21A59335,[],This view to the northeast from the summit of Apgar Mountain provides a spectacular view of Lake McDonald and the mountains in the distance. To the left of the lake are Stanton Mountain and Mt. Vaught (Stanton just in front of Vaught) and then just to the right the Garden Wall. The Continental Divide follows the crest of the Garden Wall. Continuing to the right are Mt. Cannon and Mt. Brown. The last mountain clearly visible to the right is Edwards Mountain. Apgar Lookout is at the summit and one of the more popular hikes on the west side.
135,Glacier National Park,glac,National Park,"[48.697, -113.7198]",Active,https://www.nps.gov/media/webcam/view.htm?id=81B4692D-1DD8-B71B-0B9AE4B7C186B022,[],"The village of Apgar is the main hub of activity (on the west side of the park) throughout the summer. The park's largest campground is located here as are gift shops, a restaurant, lodging facilities, and boat and recreational equipment rentals."
136,Glacier National Park,glac,National Park,"[48.697, -113.7198]",Active,https://www.nps.gov/media/webcam/view.htm?id=81B46943-1DD8-B71B-0B46D68861599592,[],"This was the first webcam view that Glacier National Park offered. Originally it was only going to be a test until a better location was found, but it turns out that this view has a large following. Watch for the occasional lunchtime crowd at the picnic table or our resident deer wandering about. Some years in the early summer beargrass blooms dot the forest."
137,Glacier National Park,glac,National Park,"[48.697, -113.7198]",Active,https://www.nps.gov/media/webcam/view.htm?id=81B46955-1DD8-B71B-0B698C4D88410C05,[],"The Middle Fork of the Flathead River forms the southwest border of Glacier National Park. This view, from near Park Headquarters, shows the river as it flows under the West Glacier bridge. At night some of the lights of West Glacier may be visible. During the summer, watch for rafters. Several commercial rafting businesses use this section of river. In the winter, the only activity along the river might be the occasional coyote or deer or a really cold kayaker."
138,Glacier National Park,glac,National Park,"[48.697, -113.7198]",Active,https://www.nps.gov/media/webcam/view.htm?id=33478DF3-1DD8-B71B-0B8C97DB0A03B0F7,[],"The West Entrance to the park is a good indicator of how busy things may be at locations inside the park. During July and August expect to see a long string of cars as they line up to purchase their entrance passes. We sell several different passes including a 7-day pass for $35.00, an annual pass for $70.00, and the America the Beautiful Pass for $80.00. The America the Beautiful Pass will allow entrance into any national park in the country and is good for some services on National Forests and at other Federal agencies."
139,Glacier National Park,glac,National Park,"[48.697, -113.7198]",Active,https://www.nps.gov/media/webcam/view.htm?id=7290EA71-A74E-A7B4-74805070A3996FAC,[],Throughout the summer this is the primary information stop for visitors entering the park at West Glacier. The visitor center is closed during winter but there are informational displays and publications available in the plaza.
140,Glacier National Park,glac,National Park,"[48.697, -113.7198]",Inactive,https://www.nps.gov/media/webcam/view.htm?id=D428B88A-BC1A-A5BF-88E3D63CF89D3452,[],This camera is one of the newer models that allow us to zoom in and pan around the scene. Expect to see different views occasionally as we aim it at different parts of the Lake McDonald Valley. Thanks to the Glacier National Park Conservancy for their continued support of the park's webcam installations.
141,Glacier National Park,glac,National Park,"[48.697, -113.7198]",Active,https://www.nps.gov/media/webcam/view.htm?id=AE7C9B53-910E-6D3A-D6133266826C6977,[],"The view from this webcam can be changed by park staff and occasionally we will move it and provide a different aspect of the view from the St. Mary Visitor Center. We hope to be able to provide close views of the elk in the fall and winter, tighter views of the mountains, and occasionally people at the Entrance Station and in the Visitor Center. Thanks to the Glacier National Park Conservancy for their continued support of the park's webcam installations."
142,Glacier National Park,glac,National Park,"[48.6816, -113.7993]",Active,https://www.nps.gov/media/webcam/view.htm?id=2EB5C6A5-DF18-084C-8F28F31A1508E942,[],"This view from the St. Mary Visitor Center looks west to the mountains surrounding St. Mary Lake. Red Eagle Mountain looms directly in the center. In the winter and spring, elk are often spotted in the meadow at first light. In summer, wildflowers carpet the view. Fall sees the green turn to a golden hue which contrasts with the bright blue of the sky."
143,Glacier National Park,glac,National Park,"[48.6816, -113.7993]",Inactive,https://www.nps.gov/media/webcam/view.htm?id=29B542D5-CD61-DA35-B357D5938D5CB9EE,[],This view from near the Scenic Point Trailhead looks northwest to the Dawson Pass area. The mountains in the foreground are Sinopah Mountain on the left and Rising Wolf Mountain on the right. In the distance Lone Walker Mountain is just visible over the shoulder of Sinopah and Helen Mountain is just to the right of center. One of the best hikes in the park works its way up to Dawson Pass and then continues north along the spine of the Continental Divide to Pitamakan Pass. Five miles of high-elevation hiking that is second to none.
144,Glacier National Park,glac,National Park,"[48.6816, -113.7993]",Inactive,https://www.nps.gov/media/webcam/view.htm?id=29CE45EA-EF1D-13A4-9C8E92F1FBFED9C7,[],"This view from near the campground in Two Medicine shows how dominant Sinopah Mountain is on the landscape there. To the left is Painted Tepee Mountain and to the right is Mount Helen. Once a primary stop on all train and horseback trips in the park, the opening of the Going-to-the-Sun Road in the 1930s shifted visitation to other parts of the park. While not as busy as some locations today, it is still crowded and visitors are advised to arrive early to find parking."
145,Glacier National Park,glac,National Park,"[48.6816, -113.7993]",Inactive,https://www.nps.gov/media/webcam/view.htm?id=2B15B960-C427-0389-BDC2FA209372B7F6,[],"Across Swiftcurrent Lake rises Mt. Wilbur. To the left of the summit you can see the Continental Divide and Swiftcurrent Peak. To the right you can just barely see part of the cirque that contains Iceberg Lake. Iceberg Lake is one of the most popular hikes in the park. It is about 10 miles round trip with an elevation gain of around 1,200 feet. It is one of the easier of the all-day hikes in this valley. Wide open areas afford expansive views as you hike up to the lake. As with all hikes be on the watch for signs of bears. This trail may be closed when you arrive due to bear activity."
146,Glacier National Park,glac,National Park,"[48.6816, -113.7993]",Inactive,https://www.nps.gov/media/webcam/view.htm?id=679C246C-E655-8581-E98B21793E10D6EA,[],"This camera at Apgar will generally be pointed west, toward the Apgar Wilderness Permit Office, just out of view. In summer, lines of backpackers will be seen each morning accessing the Permit Office. Fall and winter present a calmer scene. This camera seems to have a somewhat erratic connection and may stop sending images for periods of time. We are working to repair or replace it."
147,Glacier National Park,glac,National Park,"[48.6816, -113.7993]",Inactive,https://www.nps.gov/media/webcam/view.htm?id=2ABFE780-E817-D105-9B14697AEB43EBA6,[],"Many Glacier is often referred to as the Heart of the Park. This spectacular view is very similar to the Two Medicine Valley in that there is a dominant peak, in this case Grinnell Point, separating two valleys. To the right is the Swiftcurrent Valley and just up and over the wall in the background is Granite Park. To the left is the valley that leads up to Grinnell Glacier, one of the most popular trails in the park. The Many Glacier Hotel sits at the edge of Swiftcurrent Lake and is an outstanding example of the type of architecture that was so common in the western national parks in the early 1900. A walk through it's soaring lobby is a must see when you visit Many Glacier."
148,Glacier National Park,glac,National Park,"[48.7471, -113.438]",Active,https://www.nps.gov/media/webcam/view.htm?id=FEBE3539-D0B5-B95A-B341B5A5C777FB9E,[],"Imagine laying on your back in the St. Mary valley and looking straight up at the sky. That is your view from this webcam. On a clear night the image of the sky is spectacular, so visit after dark for the best experience. The tan shape at the top is the Dusty Star Observatory. The other buildings in the area include the St. Mary Visitor Center and the St. Mary entrance station. The center of the image looks straight up at the sky. If the circular image is a clock, the Dusty star Observatory is to the east at 12'clock, north is at 3 o'clock, west is at 6 o'clock. and south is at 9 o'clock."
149,Colorado National Monument,colm,National Monument,"[39.1012, -108.7345]",Active,https://www.nps.gov/media/webcam/view.htm?id=81B46AB6-1DD8-B71B-0B12AA5101C4657E,"[{'url': 'https://www.nps.gov/common/uploads/cropped_image/BDB20F0C-C6FC-67C0-1167C5015531E4C6.jpg', 'credit': 'NPS Photo - LHartman', 'altText': 'Canyon with tan and red rock walls. Snow capped, flat topped mountain in distance.', 'title': 'Wedding Canyon', 'description': '', 'caption': 'View of Wedding Canyon with Grand Mesa in the Distance.', 'crops': [{'aspectRatio': 1.78, 'url': 'https://www.nps.gov/common/uploads/cropped_image/primary/BDB20F0C-C6FC-67C0-1167C5015531E4C6.jpg'}, {'aspectRatio': 1.33, 'url': 'https://www.nps.gov/common/uploads/cropped_image/secondary/BDB20F0C-C6FC-67C0-1167C5015531E4C6.jpg'}]}]","View from the Saddlehorn Visitor Center on Rim Rock Drive. On most days a small sliver of the visitor center roof is in the foreground, beyond that are the red rock cliffs of Wedding and Monument canyons. On a clear day, in the distance, one can see the Grand Mesa (one of the largest flat-topped mountains in the United States)."
150,Yellowstone National Park,yell,National Park,"[44.6623, -111.0998]",Active,https://www.nps.gov/media/webcam/view.htm?id=81B46891-1DD8-B71B-0B6575944D4DECD5,[],"Construction currently occurring at the fire tower. Construction equipment may occasionally be visible. At 10,219 feet, Mount Washburn towers above Dunraven Pass between Tower Junction and Canyon Village. A fire lookout stationed at the summit provides a popular destination for day hikers, as well as housing for an employee who watches for and tracks fires throughout the summer. This webcam is located inside the living quarters on the top floor and looks out to the northeast."
151,Yellowstone National Park,yell,National Park,"[44.6623, -111.0998]",Active,https://www.nps.gov/media/webcam/view.htm?id=81B468AB-1DD8-B71B-0BE84D8E8E0F1112,[],"Morning views from this webcam are spectacular, especially during the winter when the morning sun touches Electric Peak. Look for wildlife—elk, bison, and pronghorn can be seen grazing here. Occasionally you may see the top of oversize vehicles—RVs, tour buses, and delivery trucks—as they stop at the entrance station."
152,Yellowstone National Park,yell,National Park,"[44.6623, -111.0998]",Active,https://www.nps.gov/media/webcam/view.htm?id=81B468BC-1DD8-B71B-0BBA4C383E179188,[],"This webcam is on the park's North Entrance at Gardiner, Montana. It shows current conditions at the entrance with Roosevelt Arch in the background. The arch became known as Roosevelt Arch after President Theodore Roosevelt, who was vacationing in the park, spoke at the ceremony to lay the cornerstone in 1903. The arch is inscribed with a phrase from the legislation establishing Yellowstone National Park: ""For the benefit and enjoyment of the people."""
153,Yellowstone National Park,yell,National Park,"[44.4599, -110.8306]",Active,https://www.nps.gov/yell/learn/photosmultimedia/webcams.htm#E8D8EFA8-B656-47C5-B9DF-D81AF7AA53D4,[],"This live view is made possible by the <em>Eyes on Yellowstone</em> program funded by <strong>Canon USA, Inc.</strong> through a generous grant to <strong>Yellowstone Forever</strong>."
154,John Day Fossil Beds National Monument,joda,National Monument,"[-27.4918, 151.7637]",Inactive,https://www.nps.gov/media/webcam/view.htm?id=81B462DF-1DD8-B71B-0B883DE9E8EC694F,[],"Science takes center stage at John Day Fossil Beds National Monument. Our Paleontology Lab Cam allows you to watch our paleontologists remove rock from around fossils. Sometimes there are other tasks to do, but when they are working on other projects, they usually leave a fossil that they have been working on in the camera's field of view. The lights usually come on at 9am Pacific and go out at 5pm Pacific. This camera refreshes every 20 seconds."
155,Arches National Park,arch,National Park,"[38.611, -109.6082]",Active,https://www.nps.gov/media/webcam/view.htm?id=81B46BCF-1DD8-B71B-0B91099975A047A5,[],This webcam is maintained by the Utah Department of Transportation. It is located across US 191 from the Arches National Park entrance road.
156,Arches National Park,arch,National Park,"[38.6166, -109.6162]",Active,https://www.nps.gov/media/webcam/view.htm?id=81B46BDB-1DD8-B71B-0B250E8F4CC1E74A,"[{'url': 'https://www.nps.gov/common/uploads/cropped_image/C9A5A9B2-A3AB-2C2F-EEEF02898281DCCE.jpg', 'credit': '', 'altText': ""White text on a black background with NPS Arrowhead describes webcam's inactive state."", 'title': 'Inactive Webcam', 'description': '', 'caption': 'The Arches Entrance Station Webcam is temporarily unavailable', 'crops': [{'aspectRatio': 1.78, 'url': 'https://www.nps.gov/common/uploads/cropped_image/primary/C9A5A9B2-A3AB-2C2F-EEEF02898281DCCE.jpg'}, {'aspectRatio': 1.33, 'url': 'https://www.nps.gov/common/uploads/cropped_image/secondary/C9A5A9B2-A3AB-2C2F-EEEF02898281DCCE.jpg'}]}]",View the entrance road as seen from the Arches Entrance Station. This view looks toward US 191.
157,Curecanti National Recreation Area,cure,National Recreation Area,"[38.4656, -107.1709]",Active,https://www.nps.gov/media/webcam/view.htm?id=41636348-0A31-A112-AC4E14F276579B6F,[],View from Elk Creek Campground looking towards Cebolla Basin on Blue Mesa Reservoir.
158,Lava Beds National Monument,labe,National Monument,"[41.7142, -121.5098]",Active,https://www.nps.gov/media/webcam/view.htm?id=81B46183-1DD8-B71B-0B44D2EBCDA304A5,[],"From over 4,700 feet above sea level, this webcam looks out from the visitor center north over nearly 30,000 acres of wilderness towards the Tule Lake Basin 20 miles away. Please click on the link for the most up-to-date image."
159,Grand Canyon National Park,grca,National Park,"[36.058, -112.1427]",Active,https://www.nps.gov/media/webcam/view.htm?id=81B467D6-1DD8-B71B-0BE07E579A95DA72,[],"To help time your South Rim arrival, monitor the South Entrance Station Webcam. During busy weekends, there can be long lines and up to two hour wait times between 10 am - 5 pm. This view refreshes every minute. The entrance station is about 1.6 miles (2.5 km) north of the gateway town of Tusayan, AZ."
160,Grand Canyon National Park,grca,National Park,"[35.2392, -111.8329]",Active,https://www.nps.gov/media/webcam/view.htm?id=348818A5-C6EE-66E7-41F5F43A4C334357,[],"Webcam courtesy of the National Weather Service office in Bellemont, Arizona. In the distance, the San Francisco Peaks with Mount Humphreys at 12,633 feet (3,850 m) above sea level, the highest point in the state of Arizona. Bellemont is located along Interstate 40, 13.6 miles (22 Km) east of Flagstaff, Arizona."
161,Grand Canyon National Park,grca,National Park,"[35.6521, -112.1395]",Active,https://www.nps.gov/media/webcam/view.htm?id=692DB1BB-E2E6-22EC-034062D3C0C936B5,[],"The view is from Valle, Arizona, near the junction of US 180 (from Flagstaff) and SR 64 (from Williams) The location is also called ""Grand Canyon Junction"". The South Rim of Grand Canyon National Park is 26 miles (41 km) north of this location. Live view courtesy of Arizona Dept. of Transportation 511. The image updates every 6 minutes."
162,Grand Canyon National Park,grca,National Park,"[35.1845, -111.6333]",Active,https://www.nps.gov/media/webcam/view.htm?id=69687067-BE16-062D-2F789E22263AABA3,[],"This camera shows the current weather, traffic and road conditions at Mile 197.6 of Interstate 40 —one of the main highways travelers use to reach Grand Canyon National Park. Live view courtesy Arizona Dept. of Transportation 511. The image updates every 6 minutes."
163,Grand Canyon National Park,grca,National Park,"[36.058, -112.1426]",Active,https://www.nps.gov/media/webcam/view.htm?id=69E0162D-0ED1-F68A-6B52A11F95FD867B,[],"Bright Angel Trail starts into the canyon from Kolb Studio in Grand Canyon Village. For more than 60 years, mule trips descending into the canyon would pose here for group photos. Bright Angel Trail is the park’s most popular hiking trail. Verify that the time and date of the picture is current (upper right in the image) Camera hosted by Grand Canyon Conservancy. The image updates every 7 minutes."
164,Grand Canyon National Park,grca,National Park,"[36.058, -112.1427]",Active,https://www.nps.gov/media/webcam/view.htm?id=6A810B9D-FB9E-434B-2215EE8E8AB6D5B3,[],"In this north-facing view, the Battleship is in the center, and Indian Garden is visible - lower right, 3000 feet (915 m) below. Kolb Studio was the family home and photography studio of the Kolb Brothers, pioneer photographers at Grand Canyon. Verify that the time and date of the picture is current (upper right in image) Camera hosted by Grand Canyon Conservancy. The image updates every 7 minutes."
165,Grand Canyon National Park,grca,National Park,"[36.0658, -112.118]",Active,https://www.nps.gov/subjects/air/webcams.htm?site=grca,[],"The view is from Yavapai Point on the South Rim of the park. The view refreshes every 15 minutes. Grand Canyon National Park's Air Quality Webcam offers a window into the current sights, weather, air quality and seasonal changes that the park is experiencing."
166,Black Canyon Of The Gunnison National Park,blca,National Park,"[38.555, -107.6866]",Active,https://www.nps.gov/media/webcam/view.htm?id=0FA6F288-B063-7618-DF540382B0C0A179,[],View of Gunnison Point overlook from South Rim Visitor Center
167,Black Canyon Of The Gunnison National Park,blca,National Park,"[38.5426, -107.6867]",Active,https://www.nps.gov/media/webcam/view.htm?id=10418AE0-DA0E-967C-30E3C611BCFA949F,[],View from near the South Rim Campground looking towards Grizzly Ridge on the North Rim.
168,Bryce Canyon National Park,brca,National Park,"[37.584, -112.1828]",Active,https://www.nps.gov/subjects/air/webcams.htm?site=brda,"[{'url': 'https://www.nps.gov/common/uploads/cropped_image/1F145C91-0E69-6041-5CBB2B5755D7814C.jpg', 'credit': 'NPS Photo', 'altText': 'View of hazy valley beyond forested cliffs', 'title': 'Air Quality Camera', 'description': '', 'caption': 'Check out the current air quality at the southern end of the park', 'crops': [{'aspectRatio': 1.78, 'url': 'https://www.nps.gov/common/uploads/cropped_image/primary/1F145C91-0E69-6041-5CBB2B5755D7814C.jpg'}, {'aspectRatio': 1.33, 'url': 'https://www.nps.gov/common/uploads/cropped_image/secondary/1F145C91-0E69-6041-5CBB2B5755D7814C.jpg'}]}]","View from Yovimpa Point, Bryce Canyon National Park, Utah (looking east)."
